Species	log fold change (HunterGatherer - JAE)	se	ci.lo.adj	ci.up.adj	p.val	q.val	diff.abn	structural.zero (HunterGatherer)	structural.zero (JAE)
Bacteroides heparinolyticus	-2.13453614828208	0	-2.13453614828208	-2.13453614828208	0	0	TRUE	0	0
Bacteroides zoogleoformans	-2.06055982954766	0	-2.06055982954766	-2.06055982954766	0	0	TRUE	0	0
Porphyromonas catoniae	-3.13389144277515	1.10972497831591	-7.33480140456951	1.06701851901921	0	0	TRUE	0	0
Porphyromonas gingivalis	-2.0904429559098	1.00015420890716	-5.87656822264464	1.69568231082505	0	0	TRUE	0	0
Alloprevotella rava	3.48327124906486	0	3.48327124906486	3.48327124906486	0	0	TRUE	0	1
Prevotella sp. oral taxon 473	3.77462590550672	0	3.77462590550672	3.77462590550672	0	0	TRUE	0	1
[Hallella] seregens	1.12179288549541	0	1.12179288549541	1.12179288549541	0	0	TRUE	0	1
Prevotella baroniae	0.128512999574664	1.73556523952202	-6.44154124496132	6.69856724411065	0	0	TRUE	0	0
Prevotella bivia	0.943463049902675	0	0.943463049902675	0.943463049902675	0	0	TRUE	0	1
Prevotella buccae	4.43652966989956	0	4.43652966989956	4.43652966989956	0	0	TRUE	0	1
Prevotella conceptionensis	5.11448355145224	1.50410875698462	-0.579382572411877	10.8083496753163	0	0	TRUE	0	0
Prevotella dentalis	1.51841726617115	0	1.51841726617115	1.51841726617115	0	0	TRUE	0	1
Prevotella denticola	4.94390931575393	0	4.94390931575393	4.94390931575393	0	0	TRUE	0	1
Prevotella fusca	3.85628686052735	0	3.85628686052735	3.85628686052735	0	0	TRUE	0	1
Prevotella histicola	1.89044071619162	0	1.89044071619162	1.89044071619162	0	0	TRUE	0	1
Prevotella jejuni	4.45789798645244	0	4.45789798645244	4.45789798645244	0	0	TRUE	0	1
Prevotella melaninogenica	7.5803813285796	0	7.5803813285796	7.5803813285796	0	0	TRUE	0	1
Prevotella micans	2.07050533512643	1.63524202527377	-4.11977121820693	8.26078188845979	0	0	TRUE	0	0
Prevotella multiformis	3.10139287779434	0	3.10139287779434	3.10139287779434	0	0	TRUE	0	1
Prevotella nigrescens	6.86651788259454	0	6.86651788259454	6.86651788259454	0	0	TRUE	0	1
Prevotella oralis	2.37877604344849	0	2.37877604344849	2.37877604344849	0	0	TRUE	0	1
Prevotella oris	4.68760875007092	0	4.68760875007092	4.68760875007092	0	0	TRUE	0	1
Prevotella oulorum	5.504232053374	0	5.504232053374	5.504232053374	0	0	TRUE	0	1
Prevotella pallens	4.3287623669036	0	4.3287623669036	4.3287623669036	0	0	TRUE	0	1
Prevotella salivae	4.1153660805192	0	4.1153660805192	4.1153660805192	0	0	TRUE	0	1
Prevotella scopos	3.85154958127738	0	3.85154958127738	3.85154958127738	0	0	TRUE	0	1
Prevotella shahii	5.43728934895257	0	5.43728934895257	5.43728934895257	0	0	TRUE	0	1
Prevotella veroralis	4.19736233014049	0	4.19736233014049	4.19736233014049	0	0	TRUE	0	1
Prevotella sp. C561	4.2548253188153	0	4.2548253188153	4.2548253188153	0	0	TRUE	0	1
Prevotella sp. F0091	5.83044861649538	0	5.83044861649538	5.83044861649538	0	0	TRUE	0	1
Prevotella sp. HJM029	3.57970968782264	0	3.57970968782264	3.57970968782264	0	0	TRUE	0	1
Prevotella sp. HMSC069G02	2.09802307840275	0	2.09802307840275	2.09802307840275	0	0	TRUE	0	1
Prevotella sp. HMSC073D09	5.1916367087326	1.51589901445644	-0.546861924116464	10.9301353415817	0	0	TRUE	0	0
Prevotella sp. KH2C16	1.77111758113261	0	1.77111758113261	1.77111758113261	0	0	TRUE	0	1
Prevotellaceae bacterium Marseille-P2826	2.24292929400365	0	2.24292929400365	2.24292929400365	0	0	TRUE	0	1
Phocaeicola abscessus	-6.64649881934657	0	-6.64649881934657	-6.64649881934657	0	0	TRUE	0	0
Capnocytophaga gingivalis	-3.21472425037138	0.591025107032038	-5.45207432207055	-0.977374178672212	0	0	TRUE	0	0
Capnocytophaga granulosa	-1.49412467303009	0.488310779229965	-3.3426453939314	0.354396047871218	0	0	TRUE	0	0
Capnocytophaga haemolytica	1.66805265896014	0	1.66805265896014	1.66805265896014	0	0	TRUE	0	1
Capnocytophaga leadbetteri	-2.31734961642297	0.584378766940528	-4.52953969186589	-0.105159540980057	0	0	TRUE	0	0
Capnocytophaga ochracea	0.209300863056484	0.933794001966358	-3.32561508618835	3.74421681230131	0	0	TRUE	0	0
Capnocytophaga sputigena	-2.74322816604258	0.421063309806714	-4.33718080050295	-1.14927553158221	0	0	TRUE	0	0
Capnocytophaga sp. ChDC OS43	-1.57827077836152	0.45059273451119	-3.28400827558613	0.127466718863089	0	0	TRUE	0	0
Capnocytophaga sp. oral taxon 326	-1.60115085508786	0.450228968696596	-3.30551130172412	0.103209591548409	0	0	TRUE	0	0
Capnocytophaga sp. oral taxon 329	-2.58504534857205	0.594740087025896	-4.83645863121899	-0.333632065925118	0	0	TRUE	0	0
Capnocytophaga sp. oral taxon 332	-2.34737817432711	0.637557370643646	-4.76087806113406	0.0661217124798497	0	0	TRUE	0	0
Capnocytophaga sp. oral taxon 338	-1.03977964190571	1.20948309773447	-5.61832810497203	3.53876882116061	0	0	TRUE	0	0
Capnocytophaga sp. oral taxon 863	-2.31818313586574	0.629434449362398	-4.70093336704086	0.064567095309374	0	0	TRUE	0	0
Capnocytophaga sp. oral taxon 878	-3.18205989966363	1.14554294682466	-7.51856026778369	1.15444046845643	0	0	TRUE	0	0
Candidatus Kryptonium thompsoni	4.7339610047321	0	4.7339610047321	4.7339610047321	0	0	TRUE	0	0
Fusobacterium nucleatum	-0.314549531680168	0.57967732028892	-2.50894208570155	1.87984302234121	0	0	TRUE	0	0
Fusobacterium sp. HMSC064B11	5.95075746687633	0	5.95075746687633	5.95075746687633	0	0	TRUE	0	1
Fusobacterium sp. oral taxon 203	3.76192762748418	0	3.76192762748418	3.76192762748418	0	0	TRUE	0	1
Fusobacterium sp. oral taxon 370	4.56838011171111	0	4.56838011171111	4.56838011171111	0	0	TRUE	0	1
Leptotrichia buccalis	6.0483321881169	1.71034750084535	-0.426259260058932	12.5229236362927	0	0	TRUE	0	0
Leptotrichia shahii	8.08829900717663	0	8.08829900717663	8.08829900717663	0	0	TRUE	0	1
Leptotrichia sp. oral taxon 498	7.38367130648228	0	7.38367130648228	7.38367130648228	0	0	TRUE	0	1
Leptotrichia sp. oral taxon 847	6.18707707999166	0	6.18707707999166	6.18707707999166	0	0	TRUE	0	1
Lautropia mirabilis	-3.32654425068999	0.592866091120067	-5.57086344405986	-1.08222505732012	0	0	TRUE	0	0
Ottowia sp. oral taxon 894	-5.1599153454293	1.72866159253756	-11.7038355477869	1.38400485692827	0	0	TRUE	0	0
Eikenella corrodens	-3.48446056551718	0.573291115736762	-5.65467787716281	-1.31424325387155	0	0	TRUE	0	0
Kingella denitrificans	-3.31372542183355	0.745027356374014	-6.13405739989769	-0.493393443769406	0	0	TRUE	0	0
Kingella oralis	1.19163657292709	1.74797584463678	-5.42539853234216	7.80867167819634	0	0	TRUE	0	0
Neisseria bacilliformis	-1.62902893324267	1.78116795823268	-8.37171416208545	5.11365629560011	0	0	TRUE	0	0
Neisseria sp. HMSC061B04	-1.11187746799893	0	-1.11187746799893	-1.11187746799893	0	0	TRUE	0	0
Neisseria sp. HMSC064D07	1.00248478269136	0	1.00248478269136	1.00248478269136	0	0	TRUE	0	1
Neisseria sp. HMSC066H01	1.2261135586455	0	1.2261135586455	1.2261135586455	0	0	TRUE	0	1
Neisseria sp. HMSC070E12	-4.14185980291616	1.37246192291644	-9.33737137274025	1.05365176690793	0	0	TRUE	0	0
Neisseria sp. HMSC078C12	1.60339187550287	0	1.60339187550287	1.60339187550287	0	0	TRUE	0	1
Neisseria sp. oral taxon 020	0.894580878850495	0	0.894580878850495	0.894580878850495	0	0	TRUE	0	1
Propionivibrio dicarboxylicus	1.03557582703899	0	1.03557582703899	1.03557582703899	0	0	TRUE	0	1
Desulfobulbus oralis	-4.41673199563999	0	-4.41673199563999	-4.41673199563999	0	0	TRUE	0	0
Desulfomicrobium orale	-3.20902868340103	0	-3.20902868340103	-3.20902868340103	0	0	TRUE	0	0
Campylobacter concisus	-0.264055689831761	1.04429596304498	-4.2172813988492	3.68917001918568	0	0	TRUE	0	0
Campylobacter showae	-2.38341947535446	0.480904460913846	-4.20390327088926	-0.562935679819669	0	0	TRUE	0	0
Cardiobacterium hominis	-2.85404382886142	0.620549352961568	-5.20315915885734	-0.504928498865513	0	0	TRUE	0	0
Cardiobacterium valvarum	-3.28390247754385	0.592031855706285	-5.52506363813199	-1.04274131695572	0	0	TRUE	0	0
Aggregatibacter aphrophilus	-2.32822268231439	1.39358312709382	-7.60368944713509	2.94724408250632	0	0	TRUE	0	0
Haemophilus haemolyticus	1.57922367792617	0	1.57922367792617	1.57922367792617	0	0	TRUE	0	1
Haemophilus influenzae	0	0	0	0	0	0	TRUE	1	1
Haemophilus parainfluenzae	-3.12242587678159	0.566650686634917	-5.26750556846766	-0.97734618509551	0	0	TRUE	0	0
Haemophilus sp. CCUG 60358	-3.53310585824388	0	-3.53310585824388	-3.53310585824388	0	0	TRUE	1	0
Haemophilus sp. HMSC061E01	0	0	0	0	0	0	TRUE	1	1
Haemophilus sp. HMSC068C11	0	0	0	0	0	0	TRUE	1	1
Haemophilus sp. HMSC073C03	0	0	0	0	0	0	TRUE	1	1
Haemophilus sp. HMSC61B11	0	0	0	0	0	0	TRUE	1	1
Haemophilus sp. HMSC71H05	0	0	0	0	0	0	TRUE	1	1
Pseudomonas nitroreducens	1.98620901694812	0	1.98620901694812	1.98620901694812	0	0	TRUE	0	1
Vibrio agarivorans	1.20244040896292	0	1.20244040896292	1.20244040896292	0	0	TRUE	0	1
Vibrio cyclitrophicus	0	0	0	0	0	0	TRUE	1	1
Vibrio owensii	1.90787023387132	0	1.90787023387132	1.90787023387132	0	0	TRUE	0	1
Treponema maltophilum	-2.31493670550342	0.902428461075175	-5.73111709795579	1.10124368694895	0	0	TRUE	0	0
Treponema putidum	2.07116147996249	1.73619739953628	-4.50128583254372	8.64360879246869	0	0	TRUE	0	0
Actinobaculum sp. oral taxon 183	6.02314489604793	0	6.02314489604793	6.02314489604793	0	0	TRUE	0	1
Actinomyces bouchesdurhonensis	-1.40106679476417	0	-1.40106679476417	-1.40106679476417	0	0	TRUE	0	0
Actinomyces israelii	-1.58726266919684	0.884450269926575	-4.93538587291601	1.76086053452232	0	0	TRUE	0	0
Actinomyces oris	-1.02871076947396	0.544268116543821	-3.08906031314721	1.03163877419928	0	0	TRUE	0	0
Actinomyces radicidentis	-3.71418394951952	0	-3.71418394951952	-3.71418394951952	0	0	TRUE	0	0
Actinomyces ruminicola	-3.18768741256746	0	-3.18768741256746	-3.18768741256746	0	0	TRUE	0	0
Actinomyces slackii	-2.80040506914733	0	-2.80040506914733	-2.80040506914733	0	0	TRUE	0	0
Actinomyces urogenitalis	-4.12722121155932	0	-4.12722121155932	-4.12722121155932	0	0	TRUE	0	0
Actinomyces viscosus	-0.523061330126629	1.13303080415484	-4.81219646288466	3.76607380263141	0	0	TRUE	0	0
Actinomyces sp. HMSC035G02	-3.47479577354383	0	-3.47479577354383	-3.47479577354383	0	0	TRUE	0	0
Actinomyces sp. HMSC075C01	-0.389140977836798	1.07297455694042	-4.45093069427927	3.67264873860567	0	0	TRUE	0	0
Actinomyces sp. HMSC08A09	0.119070347699573	1.32709089731097	-4.90468732168325	5.1428280170824	0	0	TRUE	0	0
Actinomyces sp. HPA0247	0.82106366723602	0	0.82106366723602	0.82106366723602	0	0	TRUE	0	0
Actinomyces sp. oral taxon 171	-0.334996744674696	1.08575519741019	-4.44516810604422	3.77517461669483	0	0	TRUE	0	0
Actinomyces sp. oral taxon 172	0.508885074363932	0	0.508885074363932	0.508885074363932	0	0	TRUE	0	0
Actinomyces sp. oral taxon 178	4.59780639958146	0	4.59780639958146	4.59780639958146	0	0	TRUE	0	1
Actinomyces sp. oral taxon 180	1.60244781704225	0	1.60244781704225	1.60244781704225	0	0	TRUE	0	1
Actinomyces sp. oral taxon 414	0.743008784121949	1.53303251320386	-5.06034941931876	6.54636698756266	0	0	TRUE	0	0
Schaalia cardiffensis	-2.94467413278603	0	-2.94467413278603	-2.94467413278603	0	0	TRUE	0	0
Schaalia georgiae	5.04942037516386	0	5.04942037516386	5.04942037516386	0	0	TRUE	0	1
Schaalia odontolytica	-3.21452349225309	0.765386442655447	-6.11192563638892	-0.317121348117256	0	0	TRUE	0	0
Corynebacterium argentoratense	1.40114271267256	0	1.40114271267256	1.40114271267256	0	0	TRUE	0	1
Corynebacterium diphtheriae	0.887002111331662	0	0.887002111331662	0.887002111331662	0	0	TRUE	0	1
Corynebacterium durum	1.37467728025215	1.80389224978436	-5.45403169737479	8.20338625787909	0	0	TRUE	0	0
Mycobacterium leprae	2.18201846509881	0	2.18201846509881	2.18201846509881	0	0	TRUE	0	1
Cellulomonas flavigena	-0.0939976887835119	0	-0.0939976887835119	-0.0939976887835119	0	0	TRUE	0	0
Rothia aeria	-3.77052001892802	1.37486199976855	-8.97511717928501	1.43407714142898	0	0	TRUE	0	0
Rothia dentocariosa	-2.19427645550289	1.10997668340144	-6.39613925734491	2.00758634633914	0	0	TRUE	0	0
Rothia sp. HMSC036D11	-2.09675888811278	1.40097370957004	-7.40020300962497	3.2066852333994	0	0	TRUE	0	0
Rothia sp. HMSC058E10	-1.74027963635801	1.40004392285269	-7.04020401166321	3.55964473894718	0	0	TRUE	0	0
Rothia sp. HMSC064D08	-0.99386705805632	1.46238717427656	-6.52979439902841	4.54206028291577	0	0	TRUE	0	0
Rothia sp. HMSC065D02	-2.18478537090353	1.392512366798	-7.45619872818514	3.08662798637808	0	0	TRUE	0	0
Rothia sp. HMSC065G12	-0.640277328679878	1.57777121893373	-6.61299575942991	5.33244110207015	0	0	TRUE	0	0
Rothia sp. HMSC067H10	-2.34148762713211	1.47830666138704	-7.93767884725968	3.25470359299546	0	0	TRUE	0	0
Rothia sp. HMSC069C01	-2.27222364653985	1.40588841174657	-7.5942725771138	3.04982528403411	0	0	TRUE	0	0
Rothia sp. HMSC071F11	-2.07549970134542	1.39556236786899	-7.35845896426397	3.20745956157314	0	0	TRUE	0	0
Rothia sp. HMSC08A08	-0.818181767260433	1.57571471554209	-6.78311521907134	5.14675168455047	0	0	TRUE	0	0
Xylanimonas cellulosilytica	-3.37369221501897	0	-3.37369221501897	-3.37369221501897	0	0	TRUE	0	0
Sanguibacter keddieii	-2.35762946272632	0	-2.35762946272632	-2.35762946272632	0	0	TRUE	0	0
Propionibacterium australiense	1.1490819800679	0	1.1490819800679	1.1490819800679	0	0	TRUE	0	1
Propionibacterium sp. oral taxon 192	-0.794975001839202	0	-0.794975001839202	-0.794975001839202	0	0	TRUE	0	0
Tessaracoccus flavescens	0.926925332217242	0	0.926925332217242	0.926925332217242	0	0	TRUE	0	1
Tessaracoccus flavus	0.817386718846036	0	0.817386718846036	0.817386718846036	0	0	TRUE	0	1
Tessaracoccus sp. T2.5-30	1.23577435117959	0	1.23577435117959	1.23577435117959	0	0	TRUE	0	1
Streptomyces turgidiscabies	2.23567722197127	0	2.23567722197127	2.23567722197127	0	0	TRUE	0	1
Atopobium parvulum	2.9769624307434	0	2.9769624307434	2.9769624307434	0	0	TRUE	0	1
Atopobium sp. oral taxon 810	-1.74653197100893	0	-1.74653197100893	-1.74653197100893	0	0	TRUE	0	0
Olsenella uli	-5.8530617523049	0	-5.8530617523049	-5.8530617523049	0	0	TRUE	0	0
Cryptobacterium curtum	1.41295770566518	0	1.41295770566518	1.41295770566518	0	0	TRUE	0	1
Slackia exigua	-4.41509218535954	0	-4.41509218535954	-4.41509218535954	0	0	TRUE	0	0
Anaerolineaceae bacterium oral taxon 439	-4.68879570016598	0	-4.68879570016598	-4.68879570016598	0	0	TRUE	0	0
Bacillus paralicheniformis	0.976274450085999	0	0.976274450085999	0.976274450085999	0	0	TRUE	0	1
Granulicatella sp. HMSC31F03	-4.17928516435655	1.19413366267431	-8.69972770396245	0.341157375249351	0	0	TRUE	0	0
Streptococcus anginosus	0.786518894296541	1.6534911263696	-5.47284038861871	7.04587817721179	0	0	TRUE	0	0
Streptococcus constellatus	1.27309868481406	0	1.27309868481406	1.27309868481406	0	0	TRUE	0	1
Streptococcus intermedius	-3.82455032419715	0.62323622500104	-6.18383691981044	-1.46526372858386	0	0	TRUE	0	0
Streptococcus gordonii	-2.27800048044309	0.464058591723636	-4.03471353901238	-0.521287421873806	0	0	TRUE	0	0
Streptococcus mitis	-1.86986883985262	1.03685968567618	-5.79494421226625	2.055206532561	0	0	TRUE	0	0
Streptococcus mutans	1.59582322573139	0	1.59582322573139	1.59582322573139	0	0	TRUE	0	1
Streptococcus oralis	-1.50881206868479	0.444517353380323	-3.1915509584949	0.173926821125315	0	0	TRUE	0	0
Streptococcus pneumoniae	-2.17587840230054	0.954326016312541	-5.78851914398312	1.43676233938203	0	0	TRUE	0	0
Streptococcus pseudopneumoniae	-1.75389336550489	0.982198288883741	-5.4720457517752	1.96425902076541	0	0	TRUE	0	0
Streptococcus sanguinis	-3.06015422288202	0.546583046172703	-5.12926702874081	-0.991041417023244	0	0	TRUE	0	0
Streptococcus sp. C300	-2.74585887703459	1.22407688421758	-7.3796527245116	1.88793497044241	0	0	TRUE	0	0
Streptococcus sp. DD04	1.4680438627579	1.42337978742126	-3.92021939636872	6.85630712188452	0	0	TRUE	0	0
Streptococcus sp. HMSC062H02	-2.64769810165776	0	-2.64769810165776	-2.64769810165776	0	0	TRUE	1	0
Streptococcus sp. HMSC066F01	-3.57746815620758	1.18471992999692	-8.06227462006964	0.90733830765447	0	0	TRUE	0	0
Streptococcus sp. HMSC072D05	-4.2989951056924	1.08152663150817	-8.39315905534369	-0.204831156041112	0	0	TRUE	0	0
Streptococcus sp. HMSC077F03	0	0	0	0	0	0	TRUE	1	1
Streptococcus sp. M143	2.96470308547792	0	2.96470308547792	2.96470308547792	0	0	TRUE	0	1
[Eubacterium] minutum	-4.45341677556211	0	-4.45341677556211	-4.45341677556211	0	0	TRUE	0	0
[Eubacterium] saphenum	-3.47801008923537	0	-3.47801008923537	-3.47801008923537	0	0	TRUE	0	0
[Eubacterium] sulci	2.92906868587024	0	2.92906868587024	2.92906868587024	0	0	TRUE	0	1
Mogibacterium pumilum	-1.98796527025319	0	-1.98796527025319	-1.98796527025319	0	0	TRUE	0	0
Pseudoramibacter alactolyticus	-6.42719571382375	0	-6.42719571382375	-6.42719571382375	0	0	TRUE	0	0
Johnsonella ignava	1.83595245002479	1.66912179202174	-4.48257736642857	8.15448226647814	0	0	TRUE	0	0
Lachnoanaerobaculum umeaense	6.06821747010511	0	6.06821747010511	6.06821747010511	0	0	TRUE	0	1
Lachnoanaerobaculum sp. OBRC5-5	7.08683400624258	0	7.08683400624258	7.08683400624258	0	0	TRUE	0	1
Oribacterium sinus	1.2284762285182	0	1.2284762285182	1.2284762285182	0	0	TRUE	0	1
Shuttleworthia satelles	1.04933124226709	0	1.04933124226709	1.04933124226709	0	0	TRUE	0	1
Stomatobaculum longum	5.11920942801292	0	5.11920942801292	5.11920942801292	0	0	TRUE	0	1
Lachnospiraceae bacterium oral taxon 082	5.10721382858706	0	5.10721382858706	5.10721382858706	0	0	TRUE	0	1
Lachnospiraceae bacterium oral taxon 500	-0.492725633994139	0.705553357132251	-3.16362714965828	2.17817588167	0	0	TRUE	0	0
Filifactor alocis	1.18557956381519	2.04623988534231	-6.56054644625318	8.93170557388357	0	0	TRUE	0	0
Peptoanaerobacter stomatis	1.47861831667098	1.74004207525144	-5.10838317531867	8.06561980866064	0	0	TRUE	0	0
Peptostreptococcus anaerobius	2.32612749419232	0	2.32612749419232	2.32612749419232	0	0	TRUE	0	1
Peptostreptococcaceae bacterium oral taxon 113	-1.65789592455338	0	-1.65789592455338	-1.65789592455338	0	0	TRUE	0	0
Eggerthia catenaformis	-0.58977112329805	0	-0.58977112329805	-0.58977112329805	0	0	TRUE	0	0
Solobacterium moorei	5.1629093665818	0	5.1629093665818	5.1629093665818	0	0	TRUE	0	1
Mitsuokella sp. oral taxon 131	1.4043840208591	0	1.4043840208591	1.4043840208591	0	0	TRUE	0	1
Selenomonas felix	3.52677846137072	0	3.52677846137072	3.52677846137072	0	0	TRUE	0	1
Selenomonas flueggei	4.20647924694215	0	4.20647924694215	4.20647924694215	0	0	TRUE	0	1
Selenomonas sp. oral taxon 136	3.34037541086201	0	3.34037541086201	3.34037541086201	0	0	TRUE	0	1
Selenomonas sp. oral taxon 149	3.15592163621955	0	3.15592163621955	3.15592163621955	0	0	TRUE	0	1
Selenomonas sp. oral taxon 478	3.45371599401075	0	3.45371599401075	3.45371599401075	0	0	TRUE	0	1
Selenomonas sp. oral taxon 892	-2.2464438741654	0.560713923545473	-4.36904970278577	-0.123838045545025	0	0	TRUE	0	0
Megasphaera micronuciformis	1.07531939028357	0	1.07531939028357	1.07531939028357	0	0	TRUE	0	1
Veillonella sp. 3_1_44	3.61538497861103	0	3.61538497861103	3.61538497861103	0	0	TRUE	0	1
Veillonella sp. 6_1_27	3.80462183476624	0	3.80462183476624	3.80462183476624	0	0	TRUE	0	1
Veillonella sp. HPA0037	1.32696801006002	0	1.32696801006002	1.32696801006002	0	0	TRUE	0	1
Veillonella atypica	3.14282162696649	0	3.14282162696649	3.14282162696649	0	0	TRUE	0	1
Veillonella dispar	1.54756321917274	0	1.54756321917274	1.54756321917274	0	0	TRUE	0	1
Veillonella parvula	4.28287260292488	1.72549140284808	-2.24904671479232	10.8147919206421	0	0	TRUE	0	0
Veillonella rodentium	1.08665858098167	0	1.08665858098167	1.08665858098167	0	0	TRUE	0	1
Peptoniphilus sp. oral taxon 386	1.3478558221254	0	1.3478558221254	1.3478558221254	0	0	TRUE	0	1
Candidatus Gracilibacteria bacterium HOT-871	1.63328119528863	0	1.63328119528863	1.63328119528863	0	0	TRUE	0	1
Candidatus Methanomethylophilus alvus	0.967339619939247	0	0.967339619939247	0.967339619939247	0	0	TRUE	0	1
Thermoplasmatales archaeon BRNA1	0.961249186993409	0	0.961249186993409	0.961249186993409	0	0	TRUE	0	1
Methanobrevibacter oralis	-0.721525742045943	0	-0.721525742045943	-0.721525742045943	0	0	TRUE	0	0
Neisseria sp. HMSC064E01	-3.07874573752765	1.06875124938979	-7.1245479479593	0.967056472903995	0.001	0.002475	TRUE	0	0
Treponema denticola	-0.883844831467549	1.83703169989072	-7.83800457284269	6.0703149099076	0.001	0.002475	TRUE	0	0
Actinomyces naeslundii	-0.708968989886262	0.572144806800858	-2.87484690148032	1.4569089217078	0.001	0.002475	TRUE	0	0
Actinomyces sp. oral taxon 170	-1.25149654349037	0.725257087820244	-3.99698734942831	1.49399426244758	0.001	0.002475	TRUE	0	0
Streptococcus sp. oral taxon 064	-0.301297875519328	1.38010920662133	-5.52575855518981	4.92316280415116	0.001	0.002475	TRUE	0	0
[Eubacterium] infirmum	-0.875473980736182	1.82362678435289	-7.77888885800516	6.02794089653279	0.001	0.002475	TRUE	0	0
Prevotella sp. oral taxon 317	5.08838574841239	1.56710774103485	-0.84396564419026	11.020737141015	0.002	0.0046046511627907	TRUE	0	0
Bacteroidetes oral taxon 274	-1.33514225069014	0.447496367365241	-3.02915832157673	0.358873820196449	0.002	0.0046046511627907	TRUE	0	0
Leptotrichia wadei	4.35563589786105	1.3974485100228	-0.934463434460408	9.64573523018251	0.002	0.0046046511627907	TRUE	0	0
Actinomyces massiliensis	0.0880325749892883	1.28687702328187	-4.7834938052794	4.95955895525798	0.002	0.0046046511627907	TRUE	0	0
Catonella morbi	-2.35704002798714	0.699981323102417	-5.00684837757791	0.292768321603622	0.002	0.0046046511627907	TRUE	0	0
Anaeroglobus geminatus	-2.42365314510356	1.52419536559967	-8.19355795952476	3.34625166931764	0.002	0.0046046511627907	TRUE	0	0
Prevotella saccharolytica	0.540880980090334	1.10479179599647	-3.6413542152943	4.72311617547496	0.003	0.0066	TRUE	0	0
Tannerella sp. oral taxon HOT-286	0.515930659804857	0.624647516998921	-1.84869844023858	2.88055975984829	0.003	0.0066	TRUE	0	0
Treponema socranskii	-1.36048245189675	0.814256973504952	-4.4428860188134	1.72192111501991	0.003	0.0066	TRUE	0	0
Lachnoanaerobaculum saburreum	2.79334191046018	1.25234914288899	-1.94747774558734	7.53416156650771	0.003	0.0066	TRUE	0	0
Eikenella sp. HMSC061C02	-3.75060276313107	1.31136779187743	-8.71483996434679	1.21363443808465	0.004	0.00842553191489362	TRUE	0	0
Neisseria sp. HMSC31F04	-3.40671225572029	1.19211379092438	-7.91950848698707	1.10608397554649	0.004	0.00842553191489362	TRUE	0	0
Actinomyces timonensis	1.40862971894137	1.72540615559958	-5.12296689177867	7.94022632966141	0.004	0.00842553191489362	TRUE	0	0
Granulicatella sp. 572.rep1_STHE	-3.57426995064029	1.19494942088551	-8.0978005768107	0.949260675530122	0.004	0.00842553191489362	TRUE	0	0
Leptotrichia trevisanii	4.02956148158261	1.62526938524745	-2.12296322904147	10.1820861922067	0.005	0.01	TRUE	0	0
Leptotrichia sp. oral taxon 225	3.41369866672381	1.41077633667368	-1.9268537065229	8.75425103997053	0.005	0.01	TRUE	0	0
Actinomyces sp. oral taxon 848	5.26411641673488	1.79535255969939	-1.53226520965679	12.0604980431265	0.005	0.01	TRUE	0	0
Granulicatella sp. HMSC30F09	-3.43115790676652	1.212113666078	-8.01966449547248	1.15734868193944	0.005	0.01	TRUE	0	0
[Eubacterium] yurii	-2.78274952433012	1.05185747899665	-6.76459966580456	1.19910061714432	0.005	0.01	TRUE	0	0
Prevotella intermedia	4.05382069635609	1.78343287038289	-2.69743845143088	10.8050798441431	0.006	0.0113142857142857	TRUE	0	0
Capnocytophaga sp. oral taxon 864	3.5012731066587	1.29004031663563	-1.38222805188531	8.3847742652027	0.006	0.0113142857142857	TRUE	0	0
Leptotrichia sp. oral taxon 879	4.26819585952375	1.47963371103154	-1.33301896210896	9.86941068115646	0.006	0.0113142857142857	TRUE	0	0
Neisseria elongata	-2.70761852256819	1.36967706235285	-7.8925878871501	2.47735084201373	0.006	0.0113142857142857	TRUE	0	0
Olsenella sp. oral taxon 807	-0.257077370213583	1.88365416719246	-7.38772839650922	6.87357365608205	0.006	0.0113142857142857	TRUE	0	0
Abiotrophia sp. HMSC24B09	-3.17123702758403	1.16288455433477	-7.57338477065395	1.23091071548588	0.006	0.0113142857142857	TRUE	0	0
Tannerella forsythia	-2.59790758351361	1.63694492846761	-8.79463054756201	3.59881538053479	0.007	0.0128333333333333	TRUE	0	0
Leptotrichia goodfellowii	-2.28551398584624	1.62030196544085	-8.41923432263199	3.8482063509395	0.007	0.0128333333333333	TRUE	0	0
Actinomyces gerencseriae	-0.444509579593987	1.33310467273767	-5.49103264544141	4.60201348625344	0.007	0.0128333333333333	TRUE	0	0
Leptotrichia hofstadii	3.88088466679795	1.45088888341081	-1.61151541689383	9.37328475048973	0.008	0.0145321100917431	TRUE	0	0
Selenomonas sp. oral taxon 138	0.31438672721949	1.35481976727689	-4.81433973023723	5.4431131846762	0.01	0.018	TRUE	0	0
Abiotrophia defectiva	-2.07846460293967	1.11171772904567	-6.28691820532569	2.12998899944636	0.011	0.0196216216216216	TRUE	0	0
Actinomyces dentalis	-0.032051754794816	1.61101811541817	-6.13062769201656	6.06652418242693	0.012	0.0212142857142857	TRUE	0	0
Prevotella maculosa	4.04100704560253	1.60591902877002	-2.03826608748773	10.1202801786928	0.015	0.0260526315789474	TRUE	0	0
Leptotrichia sp. oral taxon 212	-1.18982520895584	0.505853907290103	-3.10475616921277	0.725105751301093	0.015	0.0260526315789474	TRUE	0	0
Neisseria sp. HMSC059F02	-3.39022352960538	1.56236752958766	-9.30463065504398	2.52418359583322	0.019	0.0327130434782609	TRUE	0	0
Mogibacterium diversum	0.171032483332113	1.65998437430926	-6.11290725914483	6.45497222580905	0.023	0.0392586206896552	TRUE	0	0
Selenomonas sp. oral taxon 920	0.593654247109372	1.35740437620356	-4.54485635470702	5.73216484892577	0.024	0.0406153846153846	TRUE	0	0
Morococcus cerebrosus	-2.69954727532763	1.18763678476991	-7.19539561398965	1.79630106333439	0.027	0.0453050847457627	TRUE	0	0
Streptococcus salivarius	-2.90549292544529	1.26805947975184	-7.70578471370565	1.89479886281506	0.03	0.0499159663865546	TRUE	0	0
Granulicatella adiacens	-2.63995618520489	1.21773787118014	-7.24975343574367	1.96984106533389	0.031	0.05115	FALSE	0	0
Candidatus Saccharibacteria oral taxon TM7x	0.615003435808701	1.56124566074376	-5.29515680856095	6.52516368017835	0.033	0.054	FALSE	0	0
Neisseria sp. HMSC077D05	-2.3316200340343	1.2633093648828	-7.11393006531619	2.4506899972476	0.038	0.061672131147541	FALSE	0	0
Treponema vincentii	1.72584409097934	1.74674537433686	-4.88653301790197	8.33822119986065	0.039	0.0627804878048781	FALSE	0	0
Aggregatibacter segnis	-1.69573091014262	0.832694425110073	-4.84793021531111	1.45646839502586	0.04	0.06336	FALSE	0	0
Actinomyces johnsonii	-0.839362317364227	0.668232274120323	-3.36898332436784	1.69025868963938	0.04	0.06336	FALSE	0	0
Neisseria sp. HMSC055F11	-3.37015634181879	1.53570504485829	-9.18363152475415	2.44331884111657	0.044	0.0691428571428571	FALSE	0	0
Streptococcus sp. NPS 308	-3.29221728624697	1.69746307337725	-9.71803419950614	3.1335996270122	0.045	0.0701574803149606	FALSE	0	0
Fusobacterium periodonticum	2.79990184030615	1.42307364468734	-2.58720250279552	8.18700618340781	0.055	0.0844186046511628	FALSE	0	0
Neisseria sp. HMSC069H12	1.83482086215027	1.58297383356686	-4.15759228221508	7.82723400651561	0.055	0.0844186046511628	FALSE	0	0
Neisseria meningitidis	-2.57784562133718	1.24251314974603	-7.28143071712355	2.12573947444918	0.056	0.0852923076923077	FALSE	0	0
Prevotella marshii	2.66161236078613	1.74822510313872	-3.95636632288705	9.27959104445932	0.057	0.0861526717557252	FALSE	0	0
Selenomonas sp. oral taxon 126	0.0260694459134196	1.44274390671492	-5.43549749045902	5.48763638228586	0.066	0.099	FALSE	0	0
Prevotella loescheii	0.808639961174119	1.57546493357536	-5.15534793063514	6.77262785298338	0.073	0.108676691729323	FALSE	0	0
Capnocytophaga sp. oral taxon 323	2.63517328210417	1.34206221856297	-2.44525894522562	7.71560550943396	0.074	0.10934328358209	FALSE	0	0
Porphyromonas sp. KLE 1280	1.40838269055213	1.47433686962829	-4.17278071811633	6.98954609922059	0.075	0.11	FALSE	0	0
Alloprevotella tannerae	2.64362990787879	1.76107138016402	-4.02297889062652	9.3102387063841	0.089	0.129573529411765	FALSE	0	0
Neisseria sicca	-2.50586708802642	1.38698659555175	-7.75636240892193	2.74462823286908	0.102	0.147416058394161	FALSE	0	0
Corynebacterium matruchotii	2.80123331221185	1.7240510782182	-3.72523359684184	9.32770022126554	0.114	0.163565217391304	FALSE	0	0
Dialister invisus	-1.04749636378272	1.56012544462684	-6.95341598354998	4.85842325598454	0.128	0.182330935251799	FALSE	0	0
Neisseria sp. HMSC072F04	-2.63798747778037	1.50714703239892	-8.34335511932141	3.06738016376066	0.132	0.186685714285714	FALSE	0	0
Neisseria gonorrhoeae	-2.5509781826408	1.43344440711931	-7.97734147734141	2.87538511205981	0.133	0.186765957446809	FALSE	0	0
Streptococcus sp. HMSC062B01	-1.25722644306473	1.53958617343331	-7.08539379929742	4.57094091316797	0.134	0.186845070422535	FALSE	0	0
Actinomyces sp. oral taxon 877	2.66675005503453	1.56286549841178	-3.24954215205475	8.58304226212382	0.137	0.189692307692308	FALSE	0	0
Oribacterium sp. oral taxon 078	0.612128931036345	1.68504637788833	-5.7666840661254	6.99094192819809	0.141	0.193875	FALSE	0	0
Centipeda periodontii	1.36190776861732	1.58026734754452	-4.62025986058449	7.34407539781914	0.148	0.202096551724138	FALSE	0	0
Streptococcus sp. NLAE-zl-C503	1.85091516743158	1.4852646989647	-3.77161599272228	7.47344632758544	0.157	0.212917808219178	FALSE	0	0
[Eubacterium] brachy	-2.68192186070688	1.67108211646537	-9.00787256670002	3.64402884528626	0.167	0.224938775510204	FALSE	0	0
Prevotella sp. oral taxon 472	0.775196755049905	1.57470868280864	-5.18592831809565	6.73632182819546	0.172	0.230108108108108	FALSE	0	0
Pseudopropionibacterium propionicum	-0.435559213555768	0.677949868434085	-3.00196657713875	2.13084815002721	0.186	0.247167785234899	FALSE	0	0
Neisseria sp. HMSC15C08	-2.44234213608708	1.52684642967941	-8.22228266360797	3.33759839143382	0.195	0.2574	FALSE	0	0
Campylobacter curvus	-1.68403814467236	1.58912626890856	-7.69974158836527	4.33166529902056	0.213	0.279298013245033	FALSE	0	0
Streptococcus sp. 2_1_36FAA	-2.07702595600105	1.41183006140451	-7.42156724794856	3.26751533594647	0.216	0.281368421052632	FALSE	0	0
Streptococcus parasanguinis	0.891899818526467	1.5366687609923	-4.92522355183083	6.70902318888376	0.222	0.287294117647059	FALSE	0	0
Neisseria sp. HMSC065D04	-1.8281248225759	1.28726683435713	-6.70112684884815	3.04487720369635	0.254	0.326571428571429	FALSE	0	0
Prevotella enoeca	0.754539673157792	1.30351393260895	-4.17996641784216	5.68904576415774	0.257	0.328296774193548	FALSE	0	0
Neisseria sp. oral taxon 014	1.13680918065225	1.50247731143975	-4.55088103839267	6.82449939969717	0.264	0.335076923076923	FALSE	0	0
Capnocytophaga sp. oral taxon 324	1.62613467105626	1.29296709563154	-3.26844593084544	6.52071527295795	0.278	0.35059872611465	FALSE	0	0
Actinomyces sp. oral taxon 849	0.4751694549546	1.48097425521633	-5.13112005232562	6.08145896223482	0.291	0.364670886075949	FALSE	0	0
Capnocytophaga sp. oral taxon 336	1.5722448199653	1.30286024560128	-3.35978671173749	6.50427635166809	0.301	0.374830188679245	FALSE	0	0
Treponema medium	0.20049068769647	1.79110914944373	-6.5798273330602	6.98080870845314	0.309	0.3823875	FALSE	0	0
Campylobacter gracilis	1.57157325339318	1.50783656434543	-4.13640463994868	7.27955114673503	0.315	0.385	FALSE	0	0
Selenomonas sputigena	0.288537306708138	1.5812661594598	-5.69741136645216	6.27448597986844	0.314	0.385	FALSE	0	0
Neisseria sp. HMSC064F04	-2.15769910807365	1.66690625227031	-8.4678419068475	4.15244369070021	0.331	0.399621951219512	FALSE	0	0
Treponema sp. OMZ 838	0.560920322087136	1.78111921988413	-6.18158040571443	7.3034210498887	0.33	0.399621951219512	FALSE	0	0
Streptococcus sp. oral taxon 058	1.71309911451675	1.4598013416663	-3.81303944979064	7.23923767882413	0.337	0.4044	FALSE	0	0
Aggregatibacter sp. oral taxon 458	1.65835800285547	1.69065356482777	-4.74168123317789	8.05839723888884	0.362	0.429197604790419	FALSE	0	0
Selenomonas noxia	1.6264841323688	1.46436629470963	-3.91693525114113	7.16990351587872	0.36	0.429197604790419	FALSE	0	0
Selenomonas infelix	1.5861207745199	1.55673232942128	-4.30695406681388	7.47919561585369	0.379	0.446678571428571	FALSE	0	0
Streptococcus sp. oral taxon 071	-1.46394139786553	1.2740442030307	-6.28688860447908	3.35900580874802	0.405	0.474497041420118	FALSE	0	0
Actinomyces sp. oral taxon 448	-0.01071765173345	1.64936235519007	-6.25444729999418	6.23301199652728	0.422	0.491505882352941	FALSE	0	0
Gemella morbillorum	-1.24376920222076	1.15807232525486	-5.62770005238907	3.14016164794755	0.45	0.518023255813954	FALSE	0	0
Streptococcus infantis	-1.76593178253668	1.67387645443193	-8.10246057087431	4.57059700580094	0.449	0.518023255813954	FALSE	0	0
Neisseria macacae	-1.3758456252672	1.29104256337763	-6.26314083044879	3.51144957991439	0.475	0.54364161849711	FALSE	0	0
Fusobacterium hwasookii	-0.223298519384787	1.50127061847234	-5.90642075212079	5.45982371335122	0.485	0.551896551724138	FALSE	0	0
Neisseria sp. HMSC073B07	0.316205750404617	1.73916500120727	-6.26747554139004	6.89988704219928	0.499	0.564582857142857	FALSE	0	0
Porphyromonas sp. oral taxon 278	1.22740757417339	1.2009117637457	-3.31869374834651	5.77350889669328	0.511	0.574875	FALSE	0	0
Kytococcus sedentarius	1.54773558883707	1.81838716668778	-5.33584449830333	8.43131567597747	0.514	0.574983050847458	FALSE	0	0
Neisseria sp. HMSC055H02	-0.280904553578801	1.83791322792181	-7.2384013559013	6.67659224874369	0.531	0.58736312849162	FALSE	0	0
Neisseria sp. HMSC068C04	-0.113274528864503	1.61728027080465	-6.23555611519699	6.00900705746798	0.529	0.58736312849162	FALSE	0	0
Neisseria sp. HMSC056A03	1.55068399211386	1.65450983238657	-4.7125316447075	7.81389962893522	0.552	0.6072	FALSE	0	0
Neisseria lactamica	1.55295963376006	1.69606748101251	-4.86757420668178	7.9734934742019	0.559	0.611502762430939	FALSE	0	0
Capnocytophaga sp. oral taxon 380	0.79086533398818	1.04615590115634	-3.16940124794194	4.7511319159183	0.588	0.639692307692308	FALSE	0	0
Leptotrichia sp. oral taxon 215	0.421950091077374	0.985843884344507	-3.31000284811105	4.1539030302658	0.594	0.642688524590164	FALSE	0	0
Selenomonas artemidis	-1.01174356848466	1.38951936578813	-6.27182679622634	4.24833965925702	0.695	0.747880434782609	FALSE	0	0
Neisseria sp. HMSC70E02	-0.650583749265374	1.6049572616107	-6.72621607285828	5.42504857432753	0.757	0.810194594594595	FALSE	0	0
Streptococcus sp. F0441	-0.861451495088994	1.3899307772034	-6.12309213781779	4.4001891476398	0.792	0.843096774193548	FALSE	0	0
Neisseria sp. HMSC074B07	-0.265658461147995	1.74466297864686	-6.87015257472014	6.33883565242416	0.821	0.864670212765957	FALSE	0	0
Streptococcus cristatus	0.165743198867007	0.519155603455412	-1.79954188427757	2.13102828201158	0.819	0.864670212765957	FALSE	0	0
Streptococcus sp. HMSC10A01	-0.800762503041007	1.43465246924986	-6.23169896707445	4.63017396099244	0.832	0.871619047619048	FALSE	0	0
Treponema lecithinolyticum	-0.749876764651487	1.91734690974036	-8.00807306619581	6.50831953689284	0.857	0.893084210526316	FALSE	0	0
Neisseria polysaccharea	-0.263004754089026	1.58165509988767	-6.25042577738104	5.72441626920299	0.879	0.911214659685864	FALSE	0	0
Aggregatibacter actinomycetemcomitans	0.40114591811337	1.67012719099679	-5.92118987788666	6.7234817141134	0.891	0.91884375	FALSE	0	0
Neisseria mucosa	-0.755570015884466	1.90267183871561	-7.95821322701219	6.44707319524326	0.898	0.921264248704663	FALSE	0	0
Neisseria sp. HMSC065C04	-0.287386902285434	1.53947342203917	-6.11512743343617	5.5403536288653	0.912	0.93080412371134	FALSE	0	0
Neisseria sp. HMSC03D10	-0.636086970648374	1.90498232167733	-7.84747661091857	6.57530266962182	0.92	0.934153846153846	FALSE	0	0
Streptococcus sp. 263_SSPC	0.00334204163786378	1.58919439403363	-6.01261929254336	6.01930337581908	0.927	0.936459183673469	FALSE	0	0
Parvimonas micra	0.570825186199397	1.87610213160478	-6.5312372959506	7.67288766834939	0.946	0.950802030456853	FALSE	0	0
Neisseria sp. GT4A_CT1	0.205120786939101	1.77502362423039	-6.51430481053269	6.92454638441089	0.987	0.987	FALSE	0	0
