Species	log fold change (Industrial calculus - CMC)	se	ci.lo.adj	ci.up.adj	p.val	q.val	diff.abn	structural.zero (CMC)	structural.zero (Industrial calculus)
Bacteroides heparinolyticus	-0.327059876511144	0	-0.327059876511144	-0.327059876511144	0	0	TRUE	0	0
Bacteroides zoogleoformans	-1.82722342753569	0	-1.82722342753569	-1.82722342753569	0	0	TRUE	0	0
Phocaeicola abscessus	-5.62789702589605	0	-5.62789702589605	-5.62789702589605	0	0	TRUE	0	0
Porphyromonas catoniae	-3.76818809244758	0.743941934287383	-6.58833878706027	-0.948037397834899	0	0	TRUE	0	0
Porphyromonas gingivalis	-1.38062377153515	0.85121509073391	-4.60742779851545	1.84618025544514	0	0	TRUE	0	0
Alloprevotella rava	4.10084532521103	0	4.10084532521103	4.10084532521103	0	0	TRUE	0	1
Prevotella sp. oral taxon 473	4.27823890606087	0	4.27823890606087	4.27823890606087	0	0	TRUE	0	1
Hallella seregens	1.2778847253748	0	1.2778847253748	1.2778847253748	0	0	TRUE	0	1
Prevotella baroniae	0.293002280685528	1.29643163188812	-4.62153795247035	5.20754251384141	0	0	TRUE	0	0
Prevotella bivia	1.10143964897586	0	1.10143964897586	1.10143964897586	0	0	TRUE	0	1
Prevotella buccae	1.81214415441283	1.27539082188969	-3.02263413470214	6.64692244352781	0	0	TRUE	0	0
Prevotella conceptionensis	4.63897659818612	1.08315967303597	0.532912181727467	8.74504101464477	0	0	TRUE	0	0
Prevotella dentalis	1.72653793452049	0	1.72653793452049	1.72653793452049	0	0	TRUE	0	1
Prevotella denticola	5.70372992671839	0	5.70372992671839	5.70372992671839	0	0	TRUE	0	1
Prevotella fusca	4.53207765976213	0	4.53207765976213	4.53207765976213	0	0	TRUE	0	1
Prevotella histicola	2.24460981103399	0	2.24460981103399	2.24460981103399	0	0	TRUE	0	1
Prevotella intermedia	3.44783984320162	1.17958397660715	-1.02375184650356	7.91943153290679	0	0	TRUE	0	0
Prevotella jejuni	5.17565348547583	0	5.17565348547583	5.17565348547583	0	0	TRUE	0	1
Prevotella melaninogenica	6.95071494561739	0.939755949311076	3.38826837409203	10.5131615171428	0	0	TRUE	0	0
Prevotella micans	2.32711489233703	1.24411811576465	-2.38911416620469	7.04334395087876	0	0	TRUE	0	0
Prevotella multiformis	3.58600309226706	0	3.58600309226706	3.58600309226706	0	0	TRUE	0	1
Prevotella nanceiensis	0.895392496192598	0	0.895392496192598	0.895392496192598	0	0	TRUE	0	1
Prevotella nigrescens	7.82416410077491	0	7.82416410077491	7.82416410077491	0	0	TRUE	0	1
Prevotella oris	5.39140969290355	0	5.39140969290355	5.39140969290355	0	0	TRUE	0	1
Prevotella oulorum	6.34344040067433	0	6.34344040067433	6.34344040067433	0	0	TRUE	0	1
Prevotella pallens	4.90630951716839	0	4.90630951716839	4.90630951716839	0	0	TRUE	0	1
Prevotella saccharolytica	0.749765982549135	0.88894025315638	-2.62004738172845	4.11957934682672	0	0	TRUE	0	0
Prevotella salivae	4.65888861947244	0	4.65888861947244	4.65888861947244	0	0	TRUE	0	1
Prevotella scopos	4.46759444160296	0	4.46759444160296	4.46759444160296	0	0	TRUE	0	1
Prevotella shahii	6.09424266113752	0	6.09424266113752	6.09424266113752	0	0	TRUE	0	1
Prevotella veroralis	4.79988493013031	0	4.79988493013031	4.79988493013031	0	0	TRUE	0	1
Prevotella sp. C561	4.93781154448747	0	4.93781154448747	4.93781154448747	0	0	TRUE	0	1
Prevotella sp. F0091	6.58539956547075	0	6.58539956547075	6.58539956547075	0	0	TRUE	0	1
Prevotella sp. HJM029	4.14055012052594	0	4.14055012052594	4.14055012052594	0	0	TRUE	0	1
Prevotella sp. HMSC069G02	2.3268229919697	0	2.3268229919697	2.3268229919697	0	0	TRUE	0	1
Prevotella sp. HMSC073D09	4.71669749607461	1.09058894222878	0.582470050071691	8.85092494207753	0	0	TRUE	0	0
Prevotella sp. oral taxon 317	4.15907172280588	1.12112260738146	-0.0909033817449947	8.40904682735676	0	0	TRUE	0	0
Tannerella forsythia	-2.88705218950574	0.973813375391717	-6.57860436644377	0.804499987432288	0	0	TRUE	0	0
Tannerella sp. oral taxon HOT-286	1.15651566732716	0.37960853401129	-0.28251232871976	2.59554366337408	0	0	TRUE	0	0
Capnocytophaga gingivalis	-2.73958331927873	0.404162879849943	-4.27169244475408	-1.20747419380339	0	0	TRUE	0	0
Capnocytophaga granulosa	-1.5387340227693	0.386719832421466	-3.00471967804573	-0.0727483674928791	0	0	TRUE	0	0
Capnocytophaga haemolytica	-0.666765131140104	0	-0.666765131140104	-0.666765131140104	0	0	TRUE	0	0
Capnocytophaga leadbetteri	-2.47963768578258	0.460914354917965	-4.22688149376065	-0.732393877804514	0	0	TRUE	0	0
Capnocytophaga sputigena	-2.82535235657941	0.367138460090104	-4.21710853474663	-1.43359617841219	0	0	TRUE	0	0
Capnocytophaga sp. ChDC OS43	-1.70330667137601	0.369930429600629	-3.10564670614756	-0.300966636604463	0	0	TRUE	0	0
Capnocytophaga sp. oral taxon 326	-1.86009307730304	0.385188387669835	-3.32027329968071	-0.399912854925367	0	0	TRUE	0	0
Capnocytophaga sp. oral taxon 329	-2.70591261905063	0.46189490696608	-4.45687352430759	-0.954951713793665	0	0	TRUE	0	0
Capnocytophaga sp. oral taxon 332	-2.35508403382879	0.554943785595456	-4.45877658063642	-0.251391487021158	0	0	TRUE	0	0
Capnocytophaga sp. oral taxon 863	-2.52755242596992	0.496182063229782	-4.40848980263792	-0.646615049301926	0	0	TRUE	0	0
Capnocytophaga sp. oral taxon 878	-3.66468923592569	0.71911012173642	-6.39070697447485	-0.938671497376528	0	0	TRUE	0	0
Bacteroidetes oral taxon 274	-1.62603413183618	0.385060835711437	-3.08573082757354	-0.166337436098825	0	0	TRUE	0	0
Fusobacterium sp. HMSC064B11	6.57792730038179	0	6.57792730038179	6.57792730038179	0	0	TRUE	0	1
Fusobacterium sp. HMSC064B12	0.844571679321648	0	0.844571679321648	0.844571679321648	0	0	TRUE	0	1
Fusobacterium sp. oral taxon 370	4.96313558969726	0	4.96313558969726	4.96313558969726	0	0	TRUE	0	1
Leptotrichia buccalis	5.32886788479084	1.10712572342932	1.13195246162201	9.52578330795966	0	0	TRUE	0	0
Leptotrichia hofstadii	3.99702627094462	0.973076402377589	0.308267826772439	7.68578471511681	0	0	TRUE	0	0
Leptotrichia shahii	8.90398721809487	0	8.90398721809487	8.90398721809487	0	0	TRUE	0	1
Leptotrichia trevisanii	4.33030014138421	1.06827462608618	0.280662273235399	8.37993800953302	0	0	TRUE	0	0
Leptotrichia wadei	5.42011500960214	1.05325615729504	1.42740946807898	9.41282055112529	0	0	TRUE	0	0
Leptotrichia sp. oral taxon 212	-1.02058626873473	0.387386530736776	-2.48909925797415	0.447926720504683	0	0	TRUE	0	0
Leptotrichia sp. oral taxon 225	3.39570577147654	0.960522315431189	-0.245462376477118	7.0368739194302	0	0	TRUE	0	0
Leptotrichia sp. oral taxon 498	8.38335284317222	0	8.38335284317222	8.38335284317222	0	0	TRUE	0	1
Leptotrichia sp. oral taxon 847	7.15536635641987	0	7.15536635641987	7.15536635641987	0	0	TRUE	0	1
Leptotrichia sp. oral taxon 879	4.45490067029504	1.00614340724259	0.640791130236439	8.26901021035364	0	0	TRUE	0	0
Pseudoleptotrichia goodfellowii	0.318497916781059	0	0.318497916781059	0.318497916781059	0	0	TRUE	0	0
Lautropia mirabilis	-3.52753339531987	0.525498018122335	-5.51960230893055	-1.5354644817092	0	0	TRUE	0	0
Ottowia sp. Marseille-P4747	-6.26240840122506	1.06076715187422	-10.283586778602	-2.24123002384814	0	0	TRUE	0	0
Ottowia sp. oral taxon 894	-6.21470725436504	1.05952593929227	-10.231180417042	-2.19823409168808	0	0	TRUE	0	0
Eikenella corrodens	-3.41669933332499	0.450325470214459	-5.12380257498269	-1.7095960916673	0	0	TRUE	0	0
Eikenella sp. HMSC061C02	-4.78140175792747	0.844051867348176	-7.98105128739138	-1.58175222846357	0	0	TRUE	0	0
Kingella denitrificans	-3.36988558172521	0.576462609438569	-5.55515213748629	-1.18461902596413	0	0	TRUE	0	0
Kingella oralis	-0.377008508627724	1.12676978221353	-4.64839104202658	3.89437402477113	0	0	TRUE	0	0
Neisseria bacilliformis	-3.26853229740959	1.16888446890677	-7.69956406881665	1.16249947399746	0	0	TRUE	0	0
Neisseria elongata	-3.24438641993214	0.858247094011237	-6.49784751248848	0.00907467262420791	0	0	TRUE	0	0
Neisseria polysaccharea	1.17971252402105	0	1.17971252402105	1.17971252402105	0	0	TRUE	0	1
Neisseria sp. HMSC055F11	-4.55282773379499	1.00394269047889	-8.35859475056817	-0.747060717021814	0	0	TRUE	0	0
Neisseria sp. HMSC061B04	1.99724247093514	0	1.99724247093514	1.99724247093514	0	0	TRUE	0	1
Neisseria sp. HMSC064D07	1.1504152114904	0	1.1504152114904	1.1504152114904	0	0	TRUE	0	1
Neisseria sp. HMSC064E01	-2.98506709366601	0.916734970056389	-6.46024525398404	0.490111066652022	0	0	TRUE	0	0
Neisseria sp. HMSC065C04	0.976640741179207	0	0.976640741179207	0.976640741179207	0	0	TRUE	0	1
Neisseria sp. HMSC066H01	1.49355769166461	0	1.49355769166461	1.49355769166461	0	0	TRUE	0	1
Neisseria sp. HMSC070E12	-4.41906609892772	0.962808027226634	-8.06889897111658	-0.769233226738848	0	0	TRUE	0	0
Neisseria sp. HMSC072F04	-3.24387953368587	1.03758418673856	-7.17717544037895	0.689416373007215	0	0	TRUE	0	0
Neisseria sp. HMSC073G10	0.907947317193606	0	0.907947317193606	0.907947317193606	0	0	TRUE	0	1
Neisseria sp. HMSC078C12	1.76767624656085	0	1.76767624656085	1.76767624656085	0	0	TRUE	0	1
Neisseria sp. HMSC31F04	-3.97110308602882	0.782995434135782	-6.93929860732549	-1.00290756473216	0	0	TRUE	0	0
Neisseria sp. KEM232	-1.4408499052962	0	-1.4408499052962	-1.4408499052962	0	0	TRUE	0	0
Neisseria sp. oral taxon 020	-1.77553581366817	0	-1.77553581366817	-1.77553581366817	0	0	TRUE	0	0
Propionivibrio dicarboxylicus	1.20789501470656	0	1.20789501470656	1.20789501470656	0	0	TRUE	0	1
Desulfobulbus oralis	-4.45667203848987	0	-4.45667203848987	-4.45667203848987	0	0	TRUE	0	0
Desulfomicrobium orale	-1.30405734618351	0	-1.30405734618351	-1.30405734618351	0	0	TRUE	0	0
Campylobacter curvus	-3.95227321030413	1.16901641553108	-8.38380516774324	0.479258747134971	0	0	TRUE	0	0
Campylobacter showae	-2.22495623736899	0.3868726190763	-3.69152107950248	-0.758391395235501	0	0	TRUE	0	0
Campylobacter sp. 10_1_50	0.803642269355279	0	0.803642269355279	0.803642269355279	0	0	TRUE	0	1
Cardiobacterium hominis	-2.9980497825986	0.513847638473665	-4.94595419257746	-1.05014537261974	0	0	TRUE	0	0
Cardiobacterium valvarum	-3.46070465829304	0.518591367380961	-5.42659169535123	-1.49481762123485	0	0	TRUE	0	0
Aggregatibacter aphrophilus	-2.48540195260244	0.888350689186779	-5.85298038541326	0.88217648020838	0	0	TRUE	0	0
Haemophilus haemolyticus	1.81995571279708	0	1.81995571279708	1.81995571279708	0	0	TRUE	0	1
Haemophilus influenzae	0.452610030421118	0	0.452610030421118	0.452610030421118	0	0	TRUE	0	1
Haemophilus parainfluenzae	-3.12825881921989	0.475721276905805	-4.93163301776276	-1.32488462067703	0	0	TRUE	0	0
Haemophilus sp. CCUG 60358	-1.40633604065435	1.03888511621225	-5.34456353809367	2.53189145678496	0	0	TRUE	0	0
Haemophilus sp. HMSC061E01	0.72169680421522	0	0.72169680421522	0.72169680421522	0	0	TRUE	0	1
Haemophilus sp. HMSC068C11	0.720478154494807	0	0.720478154494807	0.720478154494807	0	0	TRUE	0	1
Haemophilus sp. HMSC073C03	0.345143393090365	0	0.345143393090365	0.345143393090365	0	0	TRUE	0	1
Haemophilus sp. HMSC61B11	-1.4193112509055	1.04074400995276	-5.36458548174144	2.52596297993044	0	0	TRUE	0	0
Haemophilus sp. HMSC71H05	0.995895031685725	0	0.995895031685725	0.995895031685725	0	0	TRUE	0	1
Pseudomonas nitroreducens	2.2145929741533	0	2.2145929741533	2.2145929741533	0	0	TRUE	0	1
Vibrio agarivorans	1.22522617957591	0	1.22522617957591	1.22522617957591	0	0	TRUE	0	1
Vibrio owensii	2.28268817157798	0	2.28268817157798	2.28268817157798	0	0	TRUE	0	1
Treponema denticola	-1.72068264905473	1.09989330713721	-5.89018127678581	2.44881597867635	0	0	TRUE	0	0
Treponema maltophilum	-2.35905654984391	0.597700448904027	-4.62483195308372	-0.0932811466040895	0	0	TRUE	0	0
Treponema putidum	1.34755740195045	1.25456906512163	-3.40828933470575	6.10340413860664	0	0	TRUE	0	0
Treponema socranskii	-1.54912609376984	0.521448790139499	-3.52584510897832	0.427592921438651	0	0	TRUE	0	0
Actinobaculum sp. oral taxon 183	6.74050282901047	0	6.74050282901047	6.74050282901047	0	0	TRUE	0	1
Actinomyces bouchesdurhonensis	1.48332070200519	0	1.48332070200519	1.48332070200519	0	0	TRUE	0	1
Actinomyces dentalis	-0.462885532842408	0.93881602143422	-4.0217690060497	3.09599794036488	0	0	TRUE	0	0
Actinomyces israelii	-1.25069845216833	0.889519278398352	-4.62270679748285	2.1213098931462	0	0	TRUE	0	0
Actinomyces radicidentis	-2.62502688191663	0	-2.62502688191663	-2.62502688191663	0	0	TRUE	0	0
Actinomyces ruminicola	-2.22736415136813	0	-2.22736415136813	-2.22736415136813	0	0	TRUE	0	0
Actinomyces slackii	-2.33890576533829	0	-2.33890576533829	-2.33890576533829	0	0	TRUE	0	0
Actinomyces urogenitalis	-3.23246720557671	0	-3.23246720557671	-3.23246720557671	0	0	TRUE	0	0
Actinomyces sp. HMSC035G02	-1.25074151081978	0	-1.25074151081978	-1.25074151081978	0	0	TRUE	0	0
Actinomyces sp. HPA0247	2.52828647474588	0	2.52828647474588	2.52828647474588	0	0	TRUE	0	0
Actinomyces sp. oral taxon 172	3.98777102145472	0	3.98777102145472	3.98777102145472	0	0	TRUE	0	1
Actinomyces sp. oral taxon 178	3.64885613561859	1.10651539690638	-0.545745648960602	7.84345792019777	0	0	TRUE	0	0
Actinomyces sp. oral taxon 414	0.331737713438576	0.89523497110248	-3.061937799711	3.72541322658816	0	0	TRUE	0	0
Actinomyces sp. oral taxon 848	6.2826071351963	1.22246882861617	1.64844664864348	10.9167676217491	0	0	TRUE	0	0
Actinomyces sp. oral taxon 897	-1.77304455950318	0.548717722941599	-3.85313521736124	0.307046098354884	0	0	TRUE	0	0
Schaalia cardiffensis	-1.87208989768566	0	-1.87208989768566	-1.87208989768566	0	0	TRUE	0	0
Schaalia georgiae	5.64660825963222	0	5.64660825963222	5.64660825963222	0	0	TRUE	0	1
Schaalia odontolytica	-2.6584783228013	0.608881922537463	-4.96664069091134	-0.350315954691249	0	0	TRUE	0	0
Corynebacterium argentoratense	1.58657161329253	0	1.58657161329253	1.58657161329253	0	0	TRUE	0	1
Corynebacterium diphtheriae	1.10306153006069	0	1.10306153006069	1.10306153006069	0	0	TRUE	0	1
Mycobacterium leprae	2.49029867910107	0	2.49029867910107	2.49029867910107	0	0	TRUE	0	1
Cellulomonas flavigena	2.10766428147917	0	2.10766428147917	2.10766428147917	0	0	TRUE	0	0
Rothia aeria	-4.45953772767997	0.9004319268224	-7.87291396962023	-1.04616148573972	0	0	TRUE	0	0
Rothia dentocariosa	-1.88345475249104	0.908029476166629	-5.32563194390459	1.55872243892252	0	0	TRUE	0	0
Rothia sp. HMSC036D11	-1.98798288598157	1.09224457396761	-6.12848653552012	2.15252076355698	0	0	TRUE	0	0
Rothia sp. HMSC058E10	-2.13858006890648	1.05088466897011	-6.12229572272663	1.84513558491367	0	0	TRUE	0	0
Rothia sp. HMSC065D02	-2.48426133527625	1.04629840978111	-6.45059130152937	1.48206863097687	0	0	TRUE	0	0
Rothia sp. HMSC065G12	-1.44671887189225	1.18174289956813	-5.92649465205852	3.03305690827402	0	0	TRUE	0	0
Rothia sp. HMSC067H10	-2.67351272184111	1.10051318238728	-6.845361185677	1.49833574199477	0	0	TRUE	0	0
Rothia sp. HMSC069C01	-2.67883690950855	1.05959439286582	-6.69556956742847	1.33789574841138	0	0	TRUE	0	0
Rothia sp. HMSC071F11	-2.45665328792274	1.05552396813804	-6.45795569437498	1.54464911852951	0	0	TRUE	0	0
Rothia sp. HMSC08A08	-1.65933194181121	1.18357493355037	-6.1460526348389	2.82738875121649	0	0	TRUE	0	0
Xylanimonas cellulosilytica	-1.29728190268661	0	-1.29728190268661	-1.29728190268661	0	0	TRUE	0	0
Sanguibacter keddieii	-0.0625756703514924	0	-0.0625756703514924	-0.0625756703514924	0	0	TRUE	0	0
Pseudopropionibacterium propionicum	-0.620471505328847	0.427248505085186	-2.24009410335108	0.999151092693389	0	0	TRUE	0	0
Propionibacterium australiense	1.56798366622016	0	1.56798366622016	1.56798366622016	0	0	TRUE	0	1
Propionibacterium sp. oral taxon 192	0.372371578205523	0	0.372371578205523	0.372371578205523	0	0	TRUE	0	0
Tessaracoccus sp. T2.5-30	1.41115495269128	0	1.41115495269128	1.41115495269128	0	0	TRUE	0	1
Streptomyces turgidiscabies	2.8596042538871	0	2.8596042538871	2.8596042538871	0	0	TRUE	0	1
Atopobium sp. oral taxon 810	-1.64278043893447	0	-1.64278043893447	-1.64278043893447	0	0	TRUE	0	0
Lancefieldella parvula	3.44638874848878	0	3.44638874848878	3.44638874848878	0	0	TRUE	0	1
Olsenella uli	-6.03118528114594	0	-6.03118528114594	-6.03118528114594	0	0	TRUE	0	0
Olsenella sp. oral taxon 807	-1.38724431031424	1.15284244533623	-5.75746364216068	2.9829750215322	0	0	TRUE	0	0
Cryptobacterium curtum	1.69058332743829	0	1.69058332743829	1.69058332743829	0	0	TRUE	0	1
Slackia exigua	-4.82930331069797	0	-4.82930331069797	-4.82930331069797	0	0	TRUE	0	0
Anaerolineaceae bacterium oral taxon 439	-4.87224604088181	0	-4.87224604088181	-4.87224604088181	0	0	TRUE	0	0
Bacillus paralicheniformis	1.21650308183637	0	1.21650308183637	1.21650308183637	0	0	TRUE	0	1
Abiotrophia defectiva	-2.69847121858893	0.731336312725364	-5.47083625848085	0.0738938213029932	0	0	TRUE	0	0
Abiotrophia sp. HMSC24B09	-3.86289361612736	0.784954176502248	-6.83851437908707	-0.887272853167649	0	0	TRUE	0	0
Granulicatella sp. 572.rep1_STHE	-3.85019055393167	0.959802075427873	-7.48862840096798	-0.211752706895357	0	0	TRUE	0	0
Granulicatella sp. HMSC30F09	-3.76822649862834	0.971496092221921	-7.4509942699028	-0.0854587273538736	0	0	TRUE	0	0
Granulicatella sp. HMSC31F03	-4.06899969347638	1.06632961717387	-8.11126438102832	-0.0267350059244453	0	0	TRUE	0	0
Streptococcus anginosus	0.224997029350716	1.08568421217068	-3.89063746303212	4.34063152173355	0	0	TRUE	0	0
Streptococcus constellatus	1.45536261160645	0	1.45536261160645	1.45536261160645	0	0	TRUE	0	1
Streptococcus cristatus	0.734872360978075	0.371005941745444	-0.671544747799486	2.14128946975564	0	0	TRUE	0	0
Streptococcus gordonii	-1.66967755473796	0.416544199323292	-3.24872204586982	-0.0906330636061083	0	0	TRUE	0	0
Streptococcus mitis	-1.46061496285417	0.764872845944436	-4.36011099656924	1.4388810708609	0	0	TRUE	0	0
Streptococcus mutans	2.2528239356699	0	2.2528239356699	2.2528239356699	0	0	TRUE	0	1
Streptococcus pseudopneumoniae	-0.992444716455133	0.824556179334793	-4.11818958272035	2.13330014981008	0	0	TRUE	0	0
Streptococcus salivarius	-4.04553103890243	0.825361659799705	-7.17432933741541	-0.916732740389456	0	0	TRUE	0	0
Streptococcus sanguinis	-2.80080884123791	0.345906444320584	-4.11207824851515	-1.48953943396067	0	0	TRUE	0	0
Streptococcus sp. C300	-3.67264283977387	0.933906040700027	-7.21291345498798	-0.132372224559763	0	0	TRUE	0	0
Streptococcus sp. DD04	2.0177311390014	1.09724882645514	-2.14174273587103	6.17720501387382	0	0	TRUE	0	0
Streptococcus sp. HMSC062D07	0.539444391474293	0	0.539444391474293	0.539444391474293	0	0	TRUE	0	1
Streptococcus sp. HMSC062H02	-1.96207284736887	1.05303096361779	-5.95392471997507	2.02977902523734	0	0	TRUE	0	0
Streptococcus sp. HMSC066F01	-3.06958513098532	0.995527227630028	-6.84345063460959	0.704280372638946	0	0	TRUE	0	0
Streptococcus sp. HMSC072D05	-4.81076864025934	0.895435058322366	-8.20520264824049	-1.41633463227819	0	0	TRUE	0	0
Streptococcus sp. M143	3.20902570977534	0	3.20902570977534	3.20902570977534	0	0	TRUE	0	1
[Eubacterium] infirmum	-2.47769290998875	1.19590598490625	-7.01115841123844	2.05577259126094	0	0	TRUE	0	0
[Eubacterium] minutum	-2.77906012968428	0	-2.77906012968428	-2.77906012968428	0	0	TRUE	0	0
[Eubacterium] saphenum	-3.36897401308017	0	-3.36897401308017	-3.36897401308017	0	0	TRUE	0	0
[Eubacterium] sulci	3.22556035724195	0	3.22556035724195	3.22556035724195	0	0	TRUE	0	1
Mogibacterium pumilum	-2.44477168776144	0	-2.44477168776144	-2.44477168776144	0	0	TRUE	0	0
Pseudoramibacter alactolyticus	-7.60112523312116	0	-7.60112523312116	-7.60112523312116	0	0	TRUE	0	0
Catonella morbi	-2.55269520916394	0.523980825994192	-4.53901271902004	-0.566377699307835	0	0	TRUE	0	0
Johnsonella ignava	1.64192534761392	1.19422313115632	-2.88516075632927	6.16901145155711	0	0	TRUE	0	0
Lachnoanaerobaculum saburreum	4.05626347859933	0.96829455209462	0.385632172817278	7.72689478438138	0	0	TRUE	0	0
Lachnoanaerobaculum umeaense	6.73312352710796	0	6.73312352710796	6.73312352710796	0	0	TRUE	0	1
Lachnoanaerobaculum sp. OBRC5-5	7.99411677976034	0	7.99411677976034	7.99411677976034	0	0	TRUE	0	1
Oribacterium sinus	1.38026586861847	0	1.38026586861847	1.38026586861847	0	0	TRUE	0	1
Shuttleworthia satelles	1.30522567257898	0	1.30522567257898	1.30522567257898	0	0	TRUE	0	1
Stomatobaculum longum	5.91523729021183	0	5.91523729021183	5.91523729021183	0	0	TRUE	0	1
Lachnospiraceae bacterium oral taxon 082	5.58066894924798	0	5.58066894924798	5.58066894924798	0	0	TRUE	0	1
Lachnospiraceae bacterium oral taxon 500	0.38128627738584	0.445658171945238	-1.30812407205909	2.07069662683077	0	0	TRUE	0	0
Filifactor alocis	0.680418942426891	1.34823300248478	-4.43049101333372	5.7913288981875	0	0	TRUE	0	0
[Eubacterium] yurii	-2.68328354930026	1.00858113914682	-6.50663409461229	1.14006699601177	0	0	TRUE	0	0
Peptoanaerobacter stomatis	0.822434139483117	1.12428339082524	-3.43952292926908	5.08439120823532	0	0	TRUE	0	0
Peptostreptococcus anaerobius	2.58800844852775	0	2.58800844852775	2.58800844852775	0	0	TRUE	0	1
Peptostreptococcaceae bacterium oral taxon 113	-0.713755851655943	0	-0.713755851655943	-0.713755851655943	0	0	TRUE	0	0
Eggerthia catenaformis	-0.252249812900824	0	-0.252249812900824	-0.252249812900824	0	0	TRUE	0	0
Solobacterium moorei	3.75598344107624	1.01862713450741	-0.1054496742436	7.61741655639607	0	0	TRUE	0	0
Mitsuokella sp. oral taxon 131	1.82777332468388	0	1.82777332468388	1.82777332468388	0	0	TRUE	0	1
Selenomonas felix	4.07868873377028	0	4.07868873377028	4.07868873377028	0	0	TRUE	0	1
Selenomonas flueggei	5.00272080356625	0	5.00272080356625	5.00272080356625	0	0	TRUE	0	1
Selenomonas massiliensis	0.68456090696322	1.06519760241968	-3.3534125153055	4.72253432923194	0	0	TRUE	0	0
Selenomonas sp. F0473	-3.41237209558765	0	-3.41237209558765	-3.41237209558765	0	0	TRUE	0	0
Selenomonas sp. oral taxon 136	4.16196059645982	0	4.16196059645982	4.16196059645982	0	0	TRUE	0	1
Selenomonas sp. oral taxon 138	-0.774209658113249	0.838203515103163	-3.95168913117092	2.40326981494442	0	0	TRUE	0	0
Selenomonas sp. oral taxon 149	3.9337751276831	0	3.9337751276831	3.9337751276831	0	0	TRUE	0	1
Selenomonas sp. oral taxon 478	4.01753574786414	0	4.01753574786414	4.01753574786414	0	0	TRUE	0	1
Selenomonas sp. oral taxon 892	-2.06271775011973	0.461570966352138	-3.81245065450012	-0.312984845739338	0	0	TRUE	0	0
Selenomonas sp. oral taxon 920	0.301463053323016	0.972141161288025	-3.3837500593027	3.98667616594874	0	0	TRUE	0	0
Anaeroglobus geminatus	-3.71194641467581	1.00992119408655	-7.54037686837172	0.116484039020092	0	0	TRUE	0	0
Dialister invisus	-1.92914454803579	0.949821624639888	-5.52974829280544	1.67145919673386	0	0	TRUE	0	0
Megasphaera micronuciformis	1.28322811751729	0	1.28322811751729	1.28322811751729	0	0	TRUE	0	1
Veillonella sp. 3_1_44	4.35121878057492	0	4.35121878057492	4.35121878057492	0	0	TRUE	0	1
Veillonella sp. 6_1_27	4.40442049185019	0	4.40442049185019	4.40442049185019	0	0	TRUE	0	1
Veillonella sp. HPA0037	1.40478205818928	0	1.40478205818928	1.40478205818928	0	0	TRUE	0	1
Veillonella atypica	3.58143105858559	0	3.58143105858559	3.58143105858559	0	0	TRUE	0	1
Veillonella dispar	2.02181090142572	0	2.02181090142572	2.02181090142572	0	0	TRUE	0	1
Veillonella parvula	4.20077082121956	1.17114481161806	-0.238829504766169	8.64037114720529	0	0	TRUE	0	0
Parvimonas sp. KA00067	0.884640294438082	0	0.884640294438082	0.884640294438082	0	0	TRUE	0	1
Peptoniphilus sp. oral taxon 386	1.54991752388856	0	1.54991752388856	1.54991752388856	0	0	TRUE	0	1
Thermoplasmatales archaeon BRNA1	1.18100137300387	0	1.18100137300387	1.18100137300387	0	0	TRUE	0	1
Methanobrevibacter oralis	0.0994053366139829	0	0.0994053366139829	0.0994053366139829	0	0	TRUE	0	0
Leptotrichia goodfellowii	-4.0129363548452	0	-4.0129363548452	-4.0129363548452	0	0	TRUE	1	0
Candidatus Saccharibacteria oral taxon TM7x	-6.1239042621031	0	-6.1239042621031	-6.1239042621031	0	0	TRUE	1	0
Prevotella loescheii	-0.191097594189563	0.92154241811131	-3.68449992946876	3.30230474108963	0.001	0.00184347826086957	TRUE	0	0
Fusobacterium periodonticum	3.23711185297062	0.972723633637428	-0.450309308059222	6.92453301400046	0.001	0.00184347826086957	TRUE	0	0
Neisseria meningitidis	-3.06101301632921	0.876730339704165	-6.38454078449181	0.262514751833394	0.001	0.00184347826086957	TRUE	0	0
Treponema vincentii	0.599112524909369	1.13699942845853	-3.71104876612345	4.90927381594219	0.001	0.00184347826086957	TRUE	0	0
Actinomyces timonensis	0.528234675519125	1.20643447194601	-4.04514243531989	5.10161178635814	0.001	0.00184347826086957	TRUE	0	0
Streptococcus oralis	-0.986881736146366	0.340973261595755	-2.27945033083747	0.305686858544736	0.001	0.00184347826086957	TRUE	0	0
Morococcus cerebrosus	-2.92797210333296	0.9055812167837	-6.36086838170594	0.50492417504002	0.002	0.00356302521008403	TRUE	0	0
Neisseria sp. HMSC064F04	-3.51985601796038	1.08294417870875	-7.62510353400169	0.585391498080925	0.002	0.00356302521008403	TRUE	0	0
Neisseria sp. HMSC15C08	-3.5560161364191	1.01806869216178	-7.41533229677735	0.303300023939159	0.002	0.00356302521008403	TRUE	0	0
Selenomonas sp. oral taxon 126	-0.869174090169782	0.861469853103625	-4.13485208551663	2.39650390517707	0.002	0.00356302521008403	TRUE	0	0
Neisseria gonorrhoeae	-3.10420934982177	0.996553664012987	-6.88196589002425	0.673547190380707	0.003	0.00525619834710744	TRUE	0	0
Streptococcus intermedius	-2.67430658561122	0.894874375871414	-6.06661514679252	0.718001975570072	0.003	0.00525619834710744	TRUE	0	0
Campylobacter concisus	-0.844188102197645	0.639494935825844	-3.26839892343342	1.58002271903813	0.004	0.00689430894308943	TRUE	0	0
Mogibacterium diversum	-0.823070157368126	1.17965258387889	-5.29492192495859	3.64878161022234	0.004	0.00689430894308943	TRUE	0	0
Prevotella sp. oral taxon 472	-0.130616619310013	0.920767092346088	-3.62107983340976	3.35984659478974	0.005	0.00854838709677419	TRUE	0	0
Neisseria sp. HMSC077D05	-2.5180643736954	0.970340437769864	-6.19645126582394	1.16032251843314	0.006	0.010176	TRUE	0	0
Prevotella maculosa	2.23377843298131	1.08025917794334	-1.86129072581919	6.32884759178181	0.007	0.0114153846153846	TRUE	0	0
Prevotella marshii	2.76593322081804	1.13002854155587	-1.51780268587421	7.04966912751029	0.007	0.0114153846153846	TRUE	0	0
Corynebacterium durum	0.813435681009054	1.1985969670616	-3.73023085185998	5.35710221387808	0.007	0.0114153846153846	TRUE	0	0
Granulicatella adiacens	-2.72851104081797	0.97132915284444	-6.41064597479739	0.95362389316146	0.007	0.0114153846153846	TRUE	0	0
Streptococcus sp. oral taxon 064	-1.40085752619876	1.05105660756811	-5.38522496846397	2.58350991606645	0.007	0.0114153846153846	TRUE	0	0
Capnocytophaga sp. oral taxon 338	-2.00839175494755	0.762758726682732	-4.89987354100483	0.88309003110974	0.008	0.0127518796992481	TRUE	0	0
Leptotrichia sp. oral taxon 215	0.410420301523327	0.593231880184198	-1.83841555764949	2.65925616069615	0.008	0.0127518796992481	TRUE	0	0
Gemella morbillorum	-1.8561047938316	0.730652309045838	-4.62587689822275	0.913667310559542	0.008	0.0127518796992481	TRUE	0	0
Neisseria sp. HMSC069H12	1.15491539403416	1.13108118062948	-3.13281087894582	5.44264166701415	0.009	0.0141333333333333	TRUE	0	0
Rothia sp. HMSC064D08	-1.19968157958406	1.10119811383467	-5.37412649592259	2.97476333675447	0.009	0.0141333333333333	TRUE	0	0
Centipeda periodontii	0.802882449508795	1.08128896088825	-3.29609043208716	4.90185533110475	0.01	0.0155882352941176	TRUE	0	0
Prevotella oralis	-0.381105979864637	1.34895593850814	-5.49475645667195	4.73254449694267	0.011	0.0168985507246377	TRUE	0	0
Capnocytophaga sp. oral taxon 864	2.47184151403069	0.941607395637578	-1.09762355907804	6.04130658713941	0.011	0.0168985507246377	TRUE	0	0
Neisseria sp. HMSC059F02	-2.78337837268518	1.15008523179895	-7.14314560159996	1.57638885622961	0.012	0.0183021582733813	TRUE	0	0
Streptococcus pneumoniae	-0.853770304553668	0.992886487736781	-4.61762523598003	2.91008462687269	0.013	0.0195460992907801	TRUE	0	0
Oribacterium sp. oral taxon 078	1.06213014486504	1.30870949250492	-3.89895325994306	6.02321354967314	0.013	0.0195460992907801	TRUE	0	0
Alloprevotella tannerae	2.08872331305863	1.31575633252507	-2.89907340076152	7.07652002687877	0.017	0.0253802816901408	TRUE	0	0
Actinomyces sp. oral taxon 171	0.597990016662942	1.0059738895009	-3.21547691198348	4.41145694530936	0.02	0.0294444444444444	TRUE	0	0
Streptococcus sp. NLAE-zl-C503	2.49768291293353	1.05240102719496	-1.49178098346306	6.48714680933012	0.02	0.0294444444444444	TRUE	0	0
Neisseria sicca	-2.59347415956035	1.04917711508056	-6.57071678226641	1.38376846314571	0.023	0.0336275862068966	TRUE	0	0
Selenomonas sputigena	-0.402851157860185	0.963557791797654	-4.05552625331717	3.2498239375968	0.026	0.0377534246575342	TRUE	0	0
Corynebacterium matruchotii	2.79989352381085	1.19418886276066	-1.72706267477903	7.32684972240074	0.028	0.0403809523809524	TRUE	0	0
Actinomyces sp. oral taxon 877	2.84288240063056	1.26339675806324	-1.94642853965997	7.6321933409211	0.03	0.042972972972973	TRUE	0	0
Actinomyces sp. HMSC075C01	1.56017974627759	1.03021003099091	-2.34516205607556	5.46552154863075	0.033	0.0469530201342282	TRUE	0	0
Fusobacterium sp. oral taxon 203	2.47492593869827	1.04460453090374	-1.48498283596387	6.4348347133604	0.035	0.0494666666666667	TRUE	0	0
Selenomonas infelix	0.369363684693543	0.948142773387469	-3.22487583552114	3.96360320490823	0.036	0.0505430463576159	FALSE	0	0
Streptococcus sp. NPS 308	-2.7040633149779	1.22676255370703	-7.35450054470025	1.94637391474444	0.041	0.0571842105263158	FALSE	0	0
Streptococcus sp. oral taxon 058	2.34046725368731	1.04644247677343	-1.62640884474324	6.30734335211785	0.042	0.0581960784313726	FALSE	0	0
Treponema sp. OMZ 838	0.31850051720526	1.22578112258533	-4.32821628282763	4.96521731723815	0.044	0.0605714285714286	FALSE	0	0
Actinomyces sp. HMSC08A09	0.393278816067814	0.911933646723752	-3.0636983870148	3.85025601915043	0.052	0.0711225806451613	FALSE	0	0
Neisseria sp. oral taxon 014	0.262496890474662	1.05458935260831	-3.73526255581644	4.26025633676576	0.058	0.0788205128205128	FALSE	0	0
Actinomyces oris	-0.244155242114489	0.418371287121452	-1.83012589600935	1.34181541178037	0.061	0.0823694267515924	FALSE	0	0
Streptococcus sp. HMSC077F03	-0.677838486978283	0.921465341934526	-4.17094864026924	2.81527166631267	0.064	0.085873417721519	FALSE	0	0
Streptococcus parasanguinis	1.90677907328021	1.03596548635408	-2.02038063003024	5.83393877659065	0.07	0.0933333333333333	FALSE	0	0
Streptococcus sp. oral taxon 071	-1.43710122291405	0.91789835802371	-4.91668957874994	2.04248713292185	0.075	0.099375	FALSE	0	0
Actinomyces viscosus	0.0956447765660826	0.83766132157167	-3.07977933787557	3.27106889100774	0.08	0.105341614906832	FALSE	0	0
Neisseria sp. HMSC073B07	-1.53313274973848	1.1937787894405	-6.05853443378173	2.99226893430478	0.081	0.106	FALSE	0	0
Treponema medium	0.23101108583922	1.26724700775197	-4.57289546176103	5.03491763343947	0.082	0.106650306748466	FALSE	0	0
Prevotella sp. KH2C16	-0.160267321662386	1.24711123588638	-4.88784276276614	4.56730811944137	0.089	0.115048780487805	FALSE	0	0
Kytococcus sedentarius	1.28535694386117	1.2652932974425	-3.5111434377033	6.08185732542564	0.096	0.123345454545455	FALSE	0	0
Fusobacterium hwasookii	-0.405445013333988	1.00321730848259	-4.20846223681493	3.39757221014695	0.106	0.135373493975904	FALSE	0	0
Aggregatibacter sp. oral taxon 458	2.08582856365722	1.16896155129208	-2.3454954132735	6.51715254058793	0.122	0.154874251497006	FALSE	0	0
Porphyromonas sp. oral taxon 278	1.7986288955862	1.07541205123094	-2.27806567356578	5.87532346473818	0.126	0.159	FALSE	0	0
Selenomonas noxia	1.68575456978438	0.992375097742193	-2.07616177372001	5.44767091328878	0.128	0.160568047337278	FALSE	0	0
Treponema lecithinolyticum	-2.21977796950121	1.26257476144904	-7.00597286777869	2.56641692877627	0.13	0.162117647058824	FALSE	0	0
Aggregatibacter segnis	-1.03003043131922	0.803425743289198	-4.07567359724335	2.0156127346049	0.139	0.172327485380117	FALSE	0	0
Actinomyces naeslundii	-0.538150298230493	0.375678529696269	-1.96228035145684	0.885979754995859	0.152	0.187348837209302	FALSE	0	0
Selenomonas artemidis	-1.55855487875149	1.05267723260202	-5.54906582040078	2.43195606289781	0.164	0.200971098265896	FALSE	0	0
Dialister pneumosintes	-1.94286385678406	1.14880054678538	-6.29776107479288	2.41203336122475	0.167	0.203471264367816	FALSE	0	0
Porphyromonas sp. KLE 1280	1.24824106890408	1.10570841377275	-2.94330158707925	5.43978372488741	0.186	0.225325714285714	FALSE	0	0
Paraprevotella clara	-1.66099098800038	1.08317942694998	-5.76713028801076	2.44514831201	0.204	0.245727272727273	FALSE	0	0
Neisseria sp. HMSC056A03	1.27878532221901	1.14124525536122	-3.04747113852661	5.60504178296463	0.206	0.246734463276836	FALSE	0	0
Neisseria sp. HMSC068C04	-0.057926995621377	1.09777939355001	-4.21941215536989	4.10355816412713	0.216	0.257258426966292	FALSE	0	0
Capnocytophaga sp. oral taxon 323	1.22587718550219	0.864332392350712	-2.05065218368711	4.50240655469148	0.22	0.260558659217877	FALSE	0	0
Campylobacter gracilis	0.828436244350002	0.89926578185715	-2.58051935078679	4.23739183948679	0.24	0.282666666666667	FALSE	0	0
Neisseria macacae	-1.44673626906559	0.977709568342347	-5.15305821599459	2.25958567786341	0.243	0.284618784530387	FALSE	0	0
Streptococcus sp. F0441	-1.2700715701636	0.964672840465599	-4.92697361550807	2.38683047518087	0.299	0.348285714285714	FALSE	0	0
Actinomyces sp. oral taxon 170	-0.695306940451346	0.78341866158253	-3.66510684123371	2.27449296033102	0.324	0.373304347826087	FALSE	0	0
Streptococcus sp. 2_1_36FAA	-1.50777975013616	1.16510241823048	-5.92447444448086	2.90891494420853	0.323	0.373304347826087	FALSE	0	0
Neisseria sp. HMSC055H02	-1.54641645803124	1.19933820024926	-6.09289287322131	3.00005995715883	0.352	0.402344086021505	FALSE	0	0
Neisseria sp. HMSC065D04	-1.36312500168396	1.07540869009975	-5.43980682938929	2.71355682602137	0.353	0.402344086021505	FALSE	0	0
Streptococcus sp. HMSC062B01	-0.8336630053478	1.14176202089903	-5.16187843173741	3.4945524210418	0.358	0.405860962566845	FALSE	0	0
Neisseria mucosa	-1.58096474337802	1.30074489516679	-6.51185578547575	3.34992629871971	0.37	0.417234042553192	FALSE	0	0
Streptococcus sp. 263_SSPC	-0.869256276065821	1.17612648021456	-5.32774121589739	3.58922866376575	0.408	0.457650793650794	FALSE	0	0
Actinomyces sp. oral taxon 849	1.251628767779	1.15217860453121	-3.11607406241443	5.61933159797243	0.428	0.477557894736842	FALSE	0	0
Capnocytophaga sp. oral taxon 336	0.567327793341693	0.799840157970024	-2.46472306051826	3.59937864720164	0.433	0.480607329842932	FALSE	0	0
Capnocytophaga sp. oral taxon 324	0.583659949358068	0.800105926024893	-2.44939838362089	3.61671828233702	0.454	0.498694300518135	FALSE	0	0
Neisseria sp. HMSC074B07	-1.31309302343	1.20549123024993	-5.8828944738555	3.2567084269955	0.454	0.498694300518135	FALSE	0	0
Aggregatibacter actinomycetemcomitans	0.527386542824622	1.10104163215612	-3.6464651794834	4.70123826513265	0.46	0.502680412371134	FALSE	0	0
Actinomyces sp. oral taxon 180	0.559766782165825	0.963606661864408	-3.09309357096565	4.2126271352973	0.466	0.506625641025641	FALSE	0	0
Capnocytophaga sp. oral taxon 380	0.0636341165997152	0.656662959978922	-2.42565761083179	2.55292584403123	0.471	0.509448979591837	FALSE	0	0
Neisseria sp. HMSC03D10	-1.41116723905004	1.29680445561	-6.32712078019376	3.50478630209367	0.484	0.520852791878173	FALSE	0	0
[Eubacterium] brachy	-1.33825308312313	1.33785687906306	-6.40982901249474	3.73332284624847	0.512	0.54820202020202	FALSE	0	0
Neisseria sp. HMSC70E02	-1.12984745049187	1.1132939768011	-5.35014561797074	3.090450716987	0.519	0.552904522613065	FALSE	0	0
Candidatus Gracilibacteria bacterium HOT-871	-0.149872927095341	1.04051687106163	-4.09428611505674	3.79454026086605	0.564	0.59784	FALSE	0	0
Prevotella enoeca	0.0980949760401209	1.00407242286945	-3.70816383300138	3.90435378508162	0.604	0.637054726368159	FALSE	0	0
Actinomyces massiliensis	-0.0900589099167242	0.784581390725467	-3.06426650873166	2.88414868889821	0.622	0.652792079207921	FALSE	0	0
Parvimonas micra	-0.172529719363911	1.22042537194678	-4.79894382749658	4.45388438876876	0.639	0.667330049261084	FALSE	0	0
Neisseria sp. GT4A_CT1	-0.643009787915571	1.21754628823495	-5.25850980510168	3.97249022927054	0.688	0.714980392156863	FALSE	0	0
Neisseria lactamica	-0.0647222195743917	1.17920294648597	-4.53486949230106	4.40542505315228	0.706	0.730107317073171	FALSE	0	0
Actinomyces johnsonii	0.12965367830013	0.711173516809884	-2.56627781175992	2.82558516836018	0.726	0.747145631067961	FALSE	0	0
Capnocytophaga ochracea	-0.146667303380255	0.583895885972394	-2.36011207979802	2.06677747303751	0.775	0.793719806763285	FALSE	0	0
Actinomyces gerencseriae	-0.334946751318601	0.79347059703163	-3.34285173992094	2.67295823728374	0.882	0.898961538461538	FALSE	0	0
Streptococcus sp. HMSC10A01	-0.362103636142537	1.05278574588012	-4.35302593220339	3.62881865991832	0.918	0.931177033492823	FALSE	0	0
Streptococcus infantis	-0.0369199314420179	1.01174568739618	-3.87226671265936	3.79842684977532	0.973	0.982266666666667	FALSE	0	0
Actinomyces sp. oral taxon 448	-0.157462450809761	1.13448992454784	-4.45811066176105	4.14318576014152	0.981	0.985649289099526	FALSE	0	0
Fusobacterium nucleatum	-0.00118163957417394	0.366385349390451	-1.39008290989865	1.3877196307503	0.992	0.992	FALSE	0	0
