Species	log fold change (Anterior - Posterior)	se	ci.lo.adj	ci.up.adj	p.val	q.val	diff.abn	structural.zero (Anterior)	structural.zero (Posterior)
Candidatus Gracilibacteria bacterium HOT-871	3.0109543884073	0	3.0109543884073	3.0109543884073	0	0	TRUE	0	1
Bacteroides heparinolyticus	2.90800004221795	0	2.90800004221795	2.90800004221795	0	0	TRUE	0	1
Porphyromonas gulae	1.21031978753581	0	1.21031978753581	1.21031978753581	0	0	TRUE	0	1
Fusobacterium sp. HMSC064B12	1.65002357961677	0	1.65002357961677	1.65002357961677	0	0	TRUE	0	1
Neisseria polysaccharea	1.96478039477258	0	1.96478039477258	1.96478039477258	0	0	TRUE	0	1
Neisseria sp. HMSC055F11	3.5615468941223	0	3.5615468941223	3.5615468941223	0	0	TRUE	0	1
Neisseria sp. HMSC059F02	3.37122532306876	0	3.37122532306876	3.37122532306876	0	0	TRUE	0	1
Neisseria sp. HMSC064F04	4.83749762491528	0	4.83749762491528	4.83749762491528	0	0	TRUE	0	1
Neisseria sp. HMSC065C04	1.35956281744822	0	1.35956281744822	1.35956281744822	0	0	TRUE	0	1
Neisseria sp. HMSC070E12	3.97512629130421	0	3.97512629130421	3.97512629130421	0	0	TRUE	0	1
Neisseria sp. HMSC073B07	3.7399669870899	0	3.7399669870899	3.7399669870899	0	0	TRUE	0	1
Neisseria sp. HMSC073G10	1.20868451866964	0	1.20868451866964	1.20868451866964	0	0	TRUE	0	1
Neisseria sp. KEM232	1.56270720124394	0	1.56270720124394	1.56270720124394	0	0	TRUE	0	1
Neisseria sp. oral taxon 020	1.58362102537025	0	1.58362102537025	1.58362102537025	0	0	TRUE	0	1
Propionivibrio dicarboxylicus	2.02993499876827	0	2.02993499876827	2.02993499876827	0	0	TRUE	0	1
Desulfomicrobium orale	2.62491985211479	0	2.62491985211479	2.62491985211479	0	0	TRUE	0	1
Haemophilus sp. HMSC71H05	1.75307499549723	0	1.75307499549723	1.75307499549723	0	0	TRUE	0	1
Vibrio agarivorans	1.87813910621034	0	1.87813910621034	1.87813910621034	0	0	TRUE	0	1
Treponema pedis	1.19084225391635	0	1.19084225391635	1.19084225391635	0	0	TRUE	0	1
Bifidobacterium dentium	-1.71804472579572	0	-1.71804472579572	-1.71804472579572	0	0	TRUE	1	0
Corynebacterium argentoratense	2.67171103560001	0	2.67171103560001	2.67171103560001	0	0	TRUE	0	1
Corynebacterium diphtheriae	1.98506116248049	0	1.98506116248049	1.98506116248049	0	0	TRUE	0	1
Tessaracoccus flavescens	1.3702163224544	0	1.3702163224544	1.3702163224544	0	0	TRUE	0	1
Tessaracoccus flavus	1.19812121484206	0	1.19812121484206	1.19812121484206	0	0	TRUE	0	1
Cryptobacterium curtum	-2.30068516153969	0	-2.30068516153969	-2.30068516153969	0	0	TRUE	1	0
Bacillus paralicheniformis	1.71882164495258	0	1.71882164495258	1.71882164495258	0	0	TRUE	0	1
Granulicatella sp. HMSC31F03	3.48536119660101	0	3.48536119660101	3.48536119660101	0	0	TRUE	0	1
Streptococcus infantis	2.28308853169412	0	2.28308853169412	2.28308853169412	0	0	TRUE	0	1
Streptococcus sp. HMSC062H02	1.53722697120409	0	1.53722697120409	1.53722697120409	0	0	TRUE	0	1
Streptococcus sp. HMSC066F01	1.94346456626411	0	1.94346456626411	1.94346456626411	0	0	TRUE	0	1
Streptococcus sp. HMSC072D05	2.63843793960076	0	2.63843793960076	2.63843793960076	0	0	TRUE	0	1
Streptococcus sp. oral taxon 064	1.53784494069876	0	1.53784494069876	1.53784494069876	0	0	TRUE	0	1
[Eubacterium] saphenum	3.88480701902995	0	3.88480701902995	3.88480701902995	0	0	TRUE	0	1
Selenomonas ruminantium	-1.56097508366847	0	-1.56097508366847	-1.56097508366847	0	0	TRUE	1	0
Selenomonas sp. F0473	-1.08009956282226	0	-1.08009956282226	-1.08009956282226	0	0	TRUE	1	0
Veillonella sp. HPA0037	-1.70122154832583	0	-1.70122154832583	-1.70122154832583	0	0	TRUE	1	0
Peptoniphilus sp. oral taxon 386	2.34976321417033	0	2.34976321417033	2.34976321417033	0	0	TRUE	0	1
Actinomyces dentalis	-2.78166256049282	0.336181628470685	-4.0548032575157	-1.50852186346995	1.29228870258198e-16	3.76056012451355e-14	TRUE	0	0
Streptococcus cristatus	-2.5180357331342	0.316745701012767	-3.7175713663003	-1.3185000999681	1.86952120265309e-15	2.72015334986024e-13	TRUE	0	0
Selenomonas flueggei	-6.27006267404168	0.830671447989979	-9.41586701528987	-3.12425833279349	4.41361977989458e-14	4.28121118649774e-12	TRUE	0	0
Actinomyces sp. oral taxon 877	-4.7169638938383	0.659146574655243	-7.2131928915808	-2.2207348960958	8.29632152049764e-13	4.82845912492962e-11	TRUE	0	0
Stomatobaculum longum	-6.16481358307001	0.860163091637978	-9.42230460964115	-2.90732255649887	7.66429575081494e-13	4.82845912492962e-11	TRUE	0	0
Actinomyces sp. oral taxon 414	-2.43846459448012	0.356088938995008	-3.7869955122955	-1.08993367666474	7.49372877004018e-12	3.63445845346949e-10	TRUE	0	0
Leptotrichia wadei	-3.19464705549172	0.490783966019381	-5.05327640245513	-1.3360177085283	7.55151325521351e-11	2.74686294658392e-09	TRUE	0	0
Actinomyces sp. oral taxon 178	-5.19889850044722	0.797385005889443	-8.21864501905331	-2.17915198184113	7.03378113259682e-11	2.74686294658392e-09	TRUE	0	0
Lachnospiraceae bacterium oral taxon 082	-4.94006424576241	0.767007457047212	-7.8447691010784	-2.03535939044643	1.18924428844547e-10	3.84522319930702e-09	TRUE	0	0
Selenomonas sp. oral taxon 136	-5.2539483183842	0.824163133266528	-8.37510526774142	-2.13279136902697	1.83095765424854e-10	5.32808677386326e-09	TRUE	0	0
Actinomyces israelii	-2.78043379868801	0.444448333539819	-4.46358722895609	-1.09728036841993	3.95175989221651e-10	1.04542011694091e-08	TRUE	0	0
Prevotella denticola	-5.10256980526503	0.823008267611618	-8.21935320669357	-1.98578640383649	5.64986781436471e-10	1.37009294498344e-08	TRUE	0	0
Prevotella jejuni	-5.05392750988061	0.821754225038851	-8.16596177423568	-1.94189324552554	7.74003400254917e-10	1.60882135338701e-08	TRUE	0	0
Selenomonas felix	-5.02714614832705	0.816247858158816	-8.11832745947464	-1.93596483717945	7.32762074577589e-10	1.60882135338701e-08	TRUE	0	0
Prevotella melaninogenica	-3.95687686612385	0.650286925768898	-6.41955382353075	-1.49419990871696	1.16624523225922e-09	2.12110851617146e-08	TRUE	0	0
Prevotella oulorum	-6.07031892291561	0.997191715070255	-9.84674585310014	-2.29389199273108	1.14748893453897e-09	2.12110851617146e-08	TRUE	0	0
Leptotrichia sp. oral taxon 879	-2.32929887584757	0.384476128630545	-3.7853338430767	-0.873263908618439	1.37507295297209e-09	2.35380134891105e-08	TRUE	0	0
Campylobacter gracilis	-2.22743248752014	0.370560416415731	-3.63076778871062	-0.824097186329671	1.84401363848685e-09	2.98115538222042e-08	TRUE	0	0
Prevotella sp. HJM029	-5.07784438434968	0.848178262011687	-8.28994811711323	-1.86574065158614	2.14055006094365e-09	3.27842140912949e-08	TRUE	0	0
Leptotrichia hofstadii	-2.33453445074563	0.394393564880462	-3.82812736472319	-0.84094153676808	3.23311640032254e-09	4.4801755833041e-08	TRUE	0	0
Actinomyces sp. oral taxon 897	-3.0115336006638	0.508317085118273	-4.93656195810288	-1.08650524322473	3.13215152706812e-09	4.4801755833041e-08	TRUE	0	0
Selenomonas sp. oral taxon 149	-4.79320517125399	0.820308723168803	-7.89976523029109	-1.6866451122169	5.12160092902905e-09	6.77448122885206e-08	TRUE	0	0
Prevotella scopos	-4.45491129414586	0.777474997042288	-7.39925737324338	-1.51056521504835	1.00446200259166e-08	1.27086279458336e-07	TRUE	0	0
Actinobaculum sp. oral taxon 183	-6.23470256795149	1.10313170385518	-10.4123308123714	-2.05707432353158	1.58757174447251e-08	1.92493074017291e-07	TRUE	0	0
Tannerella sp. oral taxon HOT-286	-2.69436368496118	0.478415716077075	-4.50615370157768	-0.882573668344668	1.78290750627093e-08	2.06971875798493e-07	TRUE	0	0
Actinomyces gerencseriae	-2.79542084684604	0.496915571744705	-4.67727096533859	-0.91357072835349	1.84923325455699e-08	2.06971875798493e-07	TRUE	0	0
Prevotella sp. C561	-4.87716062975949	0.875614962765279	-8.19316885153494	-1.56115240798405	2.54763903571683e-08	2.74578873849481e-07	TRUE	0	0
Lachnoanaerobaculum saburreum	-3.04229399651688	0.550608213501781	-5.12748148255854	-0.957106510475216	3.28860359647106e-08	3.417798737761e-07	TRUE	0	0
Selenomonas sp. oral taxon 478	-4.8199295560865	0.881148264870536	-8.15689273643947	-1.48296637573354	4.49895700990855e-08	4.5144706547703e-07	TRUE	0	0
Prevotella multiformis	-4.85708476675608	0.91017055311339	-8.30395715437534	-1.41021237913682	9.47810553343496e-08	9.19376236743191e-07	TRUE	0	0
Veillonella parvula	-3.02542907530953	0.567827670943559	-5.17582771565939	-0.875030434959678	9.92585061983913e-08	9.3174920334619e-07	TRUE	0	0
Selenomonas noxia	-3.12559525457404	0.587772715779036	-5.35152701789526	-0.899663491252812	1.05090796874379e-07	9.55669434076381e-07	TRUE	0	0
Lancefieldella parvula	-4.4077016763998	0.832060553792737	-7.5587666475581	-1.2566367052415	1.17506406874296e-07	1.0361928606188e-06	TRUE	0	0
Leptotrichia sp. oral taxon 847	-4.55138087251128	0.862352551343864	-7.81716351890929	-1.28559822611327	1.30697258812377e-07	1.11861477395299e-06	TRUE	0	0
Prevotella pallens	-4.65754635693702	0.889741747910737	-8.02705359104279	-1.28803912283125	1.65237735568052e-07	1.37383374429437e-06	TRUE	0	0
Streptococcus oralis	-1.65241587624441	0.317838348335342	-2.85608943265215	-0.448742319836659	2.00450682344442e-07	1.62030968228424e-06	TRUE	0	0
Centipeda periodontii	-3.47755647538525	0.672549167426431	-6.02454192397917	-0.930571026791325	2.33206663676999e-07	1.83413889540559e-06	TRUE	0	0
Prevotella veroralis	-4.82702622815756	0.938500175085828	-8.38118465287664	-1.27286780343848	2.69895393382001e-07	2.06683051247795e-06	TRUE	0	0
Actinomyces sp. HPA0247	-4.21256083848405	0.823212992707118	-7.33011954655849	-1.09500213040961	3.10074176505018e-07	2.31363039392206e-06	TRUE	0	0
Leptotrichia trevisanii	-1.95428021654538	0.384287699715427	-3.40960159177538	-0.498958841315383	3.66733650647861e-07	2.66798730846319e-06	TRUE	0	0
Leptotrichia sp. oral taxon 498	-4.62149153745793	0.91006899310423	-8.0679793110177	-1.17500376389816	3.81073364932698e-07	2.70469144379062e-06	TRUE	0	0
Prevotella maculosa	-3.57270678220764	0.704342772576967	-6.24009658723936	-0.905316977175916	3.92833966722081e-07	2.72177819800299e-06	TRUE	0	0
Prevotella marshii	-4.26553489084565	0.854646058426332	-7.50213257014935	-1.02893721154195	6.00688029942389e-07	4.06512131891245e-06	TRUE	0	0
Selenomonas artemidis	-3.50668170771298	0.713919079024076	-6.21033757975271	-0.803025835673262	9.02092805428392e-07	5.96611378135596e-06	TRUE	0	0
Prevotella conceptionensis	-2.44370553120808	0.500468253930901	-4.33900987768867	-0.548401184727493	1.04569648930519e-06	6.76217063084025e-06	TRUE	0	0
Prevotella sp. HMSC073D09	-2.45540218157351	0.506970289861212	-4.37533014176565	-0.535474221381373	1.27709162634134e-06	8.07899267968108e-06	TRUE	0	0
Prevotella salivae	-4.58349716746639	0.949005384081306	-8.17743947081	-0.989554864122784	1.36676792450344e-06	8.46232906447873e-06	TRUE	0	0
Anaeroglobus geminatus	-4.65941439361485	0.966829523951093	-8.32085782115993	-0.997970966069762	1.44083051895643e-06	8.73503502117339e-06	TRUE	0	0
Prevotella sp. oral taxon 317	-2.39956192023867	0.508181912625078	-4.32407837105456	-0.475045469422769	2.33701886612042e-06	1.36014498008209e-05	TRUE	0	0
Streptococcus salivarius	3.50852998332679	0.742727350176794	0.695775400027202	6.32128456662638	2.31425138135384e-06	1.36014498008209e-05	TRUE	0	0
Ottowia sp. Marseille-P4747	4.53890831302639	0.967911947920919	0.873365678711177	8.2044509473416	2.74032167193714e-06	1.51909730937691e-05	TRUE	0	0
Ottowia sp. oral taxon 894	4.54534277800572	0.968226843544446	0.878607614415636	8.21207794159581	2.67257098166854e-06	1.51909730937691e-05	TRUE	0	0
Actinomyces sp. oral taxon 448	-4.35602882559624	0.929302491163679	-7.87535505031406	-0.836702600878418	2.76674080401981e-06	1.51909730937691e-05	TRUE	0	0
Fusobacterium nucleatum	-1.15891099379958	0.248122104322898	-2.09856480617911	-0.219257181420054	3.001333561457e-06	1.61738530811849e-05	TRUE	0	0
Leptotrichia sp. oral taxon 225	-1.82071633995435	0.394195129923295	-3.31355776843036	-0.327874911478338	3.8592850157662e-06	2.04191261743266e-05	TRUE	0	0
Veillonella atypica	-4.07174577736908	0.88512496773521	-7.42376897834249	-0.719722576395671	4.22099456012023e-06	2.19340967320533e-05	TRUE	0	0
Corynebacterium matruchotii	-2.0314062537988	0.457771197499651	-3.76501419696017	-0.29779831063743	9.09667368979163e-06	4.64409130478836e-05	TRUE	0	0
Oribacterium sp. oral taxon 078	-4.01735252838119	0.917006117389175	-7.4901116222616	-0.544593434500772	1.18166193333918e-05	5.92868314830517e-05	TRUE	0	0
Prevotella oris	-3.42137848314237	0.794518289274977	-6.43026856796501	-0.412488398319739	1.66060406517003e-05	7.92189808138492e-05	TRUE	0	0
Leptotrichia buccalis	-2.00767974453345	0.465752426864827	-3.77151309877187	-0.243846390295023	1.62800587775737e-05	7.92189808138492e-05	TRUE	0	0
Selenomonas sp. oral taxon 920	-2.37412496106308	0.550952513041637	-4.46061633083614	-0.287633591290026	1.63899411708955e-05	7.92189808138492e-05	TRUE	0	0
Prevotella sp. F0091	-3.28654104775483	0.768811099083025	-6.19807640742973	-0.375005688079931	1.91278392925433e-05	8.97774392601627e-05	TRUE	0	0
Lachnoanaerobaculum umeaense	-2.61720688275605	0.627963427848026	-4.99534336770388	-0.239070397808217	3.07594609414882e-05	0.000142079414824969	TRUE	0	0
Prevotella micans	-3.54548101459879	0.853139579902634	-6.77637356621174	-0.314588462985851	3.24145397019382e-05	0.00014738486020725	TRUE	0	0
Lachnoanaerobaculum sp. OBRC5-5	-1.76989081586103	0.42911060227016	-3.39495930565145	-0.144822326070614	3.71450210520436e-05	0.000163775774638556	TRUE	0	0
Veillonella sp. 3_1_44	-3.78113364957525	0.916310018286096	-7.25125657293879	-0.311010726211713	3.68360319935283e-05	0.000163775774638556	TRUE	0	0
Veillonella sp. 6_1_27	-3.8126247058344	0.927820145806752	-7.3263371966622	-0.298912215006598	3.96983647968915e-05	0.00017242125605814	TRUE	0	0
Olsenella sp. oral taxon 807	-3.02670058138926	0.739625065777175	-5.82770662107907	-0.225694541699443	4.27282699580936e-05	0.000180201834171091	TRUE	0	0
Oribacterium sinus	-2.67236771481813	0.652799267644859	-5.14455906687434	-0.200176362761924	4.24534135737833e-05	0.000180201834171091	TRUE	0	0
Streptococcus sp. oral taxon 071	-3.05846058947634	0.754234722165129	-5.91479430486824	-0.202126874084447	5.01232731102446e-05	0.000208369606786874	TRUE	0	0
Neisseria sp. HMSC074B07	3.14484005061614	0.779519960287263	0.192749568759502	6.09693053247277	5.47585297072769e-05	0.000224432847110107	TRUE	0	0
[Eubacterium] infirmum	-3.35905802984415	0.834472339908507	-6.51925658474547	-0.198859474942837	5.6886348587691e-05	0.000229915658875251	TRUE	0	0
Solobacterium moorei	-3.08730919439523	0.77874864769294	-6.03647866757443	-0.138139721216036	7.35657128322648e-05	0.000293255101838206	TRUE	0	0
Prevotella oralis	-3.33799144496587	0.852533619035572	-6.56658918515748	-0.109393704774273	9.02626485431394e-05	0.000354951766568291	TRUE	0	0
Mitsuokella sp. oral taxon 131	-4.03362966776663	1.03542476691293	-7.95484753877004	-0.112411796763222	9.79446373890638e-05	0.000380025193069568	TRUE	0	0
Schaalia georgiae	-3.2827082775108	0.845496617267765	-6.48465645515381	-0.0807600998677898	0.000103353986243133	0.000395736973641471	TRUE	0	0
[Eubacterium] sulci	-3.09000949341961	0.807718594658909	-6.14888995420022	-0.0311290326389981	0.000130453153360464	0.000489883989468523	TRUE	0	0
Selenomonas sputigena	-2.89130368812624	0.756095988884944	-5.75468613613268	-0.0279212401198032	0.000131309110579192	0.000489883989468523	TRUE	0	0
Mogibacterium diversum	-3.27856983391143	0.859530575280139	-6.5336654817691	-0.0234741860537535	0.000136529373436787	0.000502911995824113	TRUE	0	0
Kytococcus sedentarius	-3.04296321759085	0.807201344830923	-6.09988482116223	0.0139583859805406	0.000163398216051335	0.00059436101088673	TRUE	0	0
Leptotrichia shahii	-2.70250580660181	0.719237627530549	-5.42630335200865	0.0212917388050289	0.00017164756524894	0.000616659771449897	TRUE	0	0
Actinomyces sp. HMSC035G02	-3.22690069519604	0.864146689205439	-6.4994778530551	0.0456764626630251	0.000188309234460733	0.000668268136927722	TRUE	0	0
Neisseria lactamica	2.79516186087034	0.749603544676064	-0.0436332978690484	5.63395701960974	0.000192352872361916	0.00067439380550985	TRUE	0	0
Neisseria sp. GT4A_CT1	2.85656432159261	0.768174463832484	-0.0525600608664583	5.76568870405168	0.000200298236283536	0.000693890318553678	TRUE	0	0
Streptococcus gordonii	-1.57197442854939	0.428387478869207	-3.19430440512922	0.0503555480304412	0.000243010748439386	0.0008185454664209	TRUE	0	0
Streptococcus sp. F0441	-2.85468467235058	0.778326067271618	-5.80225380724063	0.092884462539462	0.000244719778620681	0.0008185454664209	TRUE	0	0
Selenomonas massiliensis	-2.45735295443461	0.669607688225208	-4.9931988386878	0.0784929298185753	0.000242702507948569	0.0008185454664209	TRUE	0	0
Neisseria sp. HMSC055H02	2.86322648286841	0.786758857719925	-0.116278152953216	5.84273111869004	0.000273413937354922	0.000904130179207753	TRUE	0	0
Leptotrichia sp. oral taxon 215	-1.45710937035501	0.401720635569392	-2.9784503558928	0.064231615182774	0.000286543726141194	0.000936901396708847	TRUE	0	0
Prevotella shahii	-2.59569550604109	0.721526836249441	-5.32816242697941	0.136771414897243	0.000321285853415644	0.00103882425937725	TRUE	0	0
Neisseria meningitidis	2.7349461317574	0.766620847620206	-0.168294609657973	5.63818687317277	0.000360356287246814	0.00113799227822126	TRUE	0	0
Neisseria sp. HMSC03D10	2.88495233614903	0.809215808551455	-0.179598166589016	5.94950283888707	0.000363688253864526	0.00113799227822126	TRUE	0	0
Selenomonas sp. oral taxon 126	-2.07570529713259	0.581365739893633	-4.27737344503361	0.125962850768429	0.000356443394986182	0.00113799227822126	TRUE	0	0
Prevotella saccharolytica	-1.83338131973156	0.518440358552401	-3.79674714211394	0.129984502650824	0.000405712346297615	0.00125598183800645	TRUE	0	0
Eikenella sp. HMSC061C02	2.792751559498	0.792620536227855	-0.208951616723525	5.79445473571952	0.000425982200651762	0.00130485074094382	TRUE	0	0
Kingella denitrificans	2.80931857665353	0.80004379246332	-0.220496931764115	5.83913408507117	0.000445659227296999	0.00135090453274403	TRUE	0	0
Neisseria sp. HMSC056A03	2.66333895574151	0.764467822631842	-0.231748146384104	5.55842605786713	0.000494141122046093	0.00148242336613828	TRUE	0	0
Fusobacterium periodonticum	-1.35772422687048	0.396206413797777	-2.85818251223875	0.142734058497786	0.000610715510669228	0.00181345115923209	TRUE	0	0
Sanguibacter keddieii	-2.96269276954048	0.865987417013319	-6.24224087787954	0.316855338798577	0.000623516559237029	0.00183276079533309	TRUE	0	0
Propionibacterium sp. oral taxon 192	2.94252967748541	0.861368427241493	-0.319526029842937	6.20458538481375	0.000635224788247661	0.00183704397843566	TRUE	0	0
Streptococcus mutans	-3.87766588627959	1.13544915743152	-8.17768233364613	0.422350561086938	0.000637599456432995	0.00183704397843566	TRUE	0	0
[Eubacterium] yurii	2.88358149677501	0.84506897033176	-0.316747155373215	6.08391014892324	0.000644304206484913	0.00183816200085402	TRUE	0	0
Selenomonas sp. oral taxon 138	-2.12210111721707	0.623489075786765	-4.48329295314313	0.239090718709003	0.000665065251458288	0.00187897075897439	TRUE	0	0
Prevotella nigrescens	-2.05935460438507	0.610388230741854	-4.37093272683149	0.252223518061354	0.000741263920471624	0.00207411346978118	TRUE	0	0
Neisseria sp. HMSC064E01	2.64871563704788	0.78796558829055	-0.335358962357997	5.63279023645375	0.000775312895106553	0.00210856123809352	TRUE	0	0
Neisseria sp. HMSC077D05	2.62796633356386	0.781754745613643	-0.332587419058244	5.58852008618597	0.00077485263043375	0.00210856123809352	TRUE	0	0
Neisseria sp. HMSC70E02	2.67874967221741	0.796629210004532	-0.338134600453052	5.69563394488788	0.00077210648570278	0.00210856123809352	TRUE	0	0
Capnocytophaga sp. oral taxon 324	-1.79650055466092	0.540631146745525	-3.84390426952482	0.250903160202981	0.000890648036422498	0.00239980165369395	TRUE	0	0
Porphyromonas catoniae	2.62023405914563	0.802543732147138	-0.41904887604976	5.65951699434102	0.00109498379873519	0.00292330537093524	TRUE	0	0
Prevotella sp. KH2C16	-2.4694425498578	0.757644387010107	-5.33868887768809	0.399803777972485	0.00111660374633053	0.00295392445620167	TRUE	0	0
Capnocytophaga sp. oral taxon 380	-1.64636717645698	0.505850662548778	-3.56205503851097	0.269320685597016	0.00113531936746886	0.00297637780120214	TRUE	0	0
Neisseria sicca	2.62589988826145	0.807645553754214	-0.432703962078735	5.68450373860163	0.00114877618703561	0.00298476670024431	TRUE	0	0
Streptococcus parasanguinis	-2.67869159534365	0.832743279689218	-5.83234209185523	0.474958901167938	0.00129670703739645	0.00333930750338377	TRUE	0	0
Propionibacterium australiense	-2.88217710291659	0.898442078782164	-6.28463303014508	0.520278824311904	0.00133674475618348	0.00338709014163794	TRUE	0	0
Abiotrophia sp. HMSC24B09	2.8537212756835	0.889678830334792	-0.515547685656272	6.22299023702327	0.00133854077762324	0.00338709014163794	TRUE	0	0
Prevotella histicola	-2.65932348992862	0.830702140627125	-5.80524406609906	0.486597086241826	0.00136810883166199	0.00343206612080723	TRUE	0	0
Shuttleworthia satelles	-2.30669922519531	0.722935805736287	-5.04450200104852	0.431103550657895	0.001419095802832	0.00352954597114626	TRUE	0	0
Actinomyces sp. oral taxon 848	-2.64479761461374	0.835904007390787	-5.81041798314772	0.520822753920244	0.00155618500034198	0.00383771046694506	TRUE	0	0
Morococcus cerebrosus	2.45777163075659	0.782105988315304	-0.504112299781693	5.41965556129488	0.00167509106848473	0.00409623110024416	TRUE	0	0
Capnocytophaga sp. oral taxon 878	2.25212554607276	0.721115196523597	-0.478782469669389	4.98303356181491	0.00178947931703372	0.00433948734380677	TRUE	0	0
Neisseria macacae	2.45836552092212	0.796858577765223	-0.559387381697128	5.47611842354138	0.00203503368268508	0.00489417191455668	TRUE	0	0
Neisseria sp. HMSC065D04	2.4924352340023	0.811241208116028	-0.579785582622681	5.56465605062727	0.00212364485281915	0.00506541518172436	TRUE	0	0
Streptococcus massiliensis	-1.73504621107293	0.566345492969051	-3.87983175142038	0.409739329274515	0.00218703802623205	0.00517421191571973	TRUE	0	0
Neisseria mucosa	2.54773164173702	0.833877393826755	-0.610213815418714	5.70567709889275	0.00224848053000877	0.00527667608252057	TRUE	0	0
Neisseria sp. HMSC31F04	2.52351559458989	0.831260763502318	-0.624520521087961	5.67155171026775	0.00239923159729536	0.00558541115850361	TRUE	0	0
Capnocytophaga ochracea	-1.56632825426505	0.516586435675239	-3.52267315562092	0.390016647090823	0.00242879725496239	0.00560936508884172	TRUE	0	0
Capnocytophaga sp. oral taxon 323	-1.65892274467641	0.548481496965373	-3.73605622316909	0.418210733816267	0.00248983749384611	0.0057050607142458	TRUE	0	0
Campylobacter curvus	-2.65993449670725	0.884468836662123	-6.00947288857456	0.689603895160056	0.00263509543714707	0.00599072478288904	TRUE	0	0
Neisseria sp. HMSC069H12	2.32897452203068	0.776712563213981	-0.612484172827485	5.27043321688885	0.00271309976912555	0.00612024831639949	TRUE	0	0
Capnocytophaga sp. oral taxon 336	-1.48184386301083	0.508063335094345	-3.40591125335661	0.442223527334942	0.0035381046006118	0.00791991106752334	TRUE	0	0
Neisseria elongata	2.29631814577724	0.78874549459302	-0.690710007212323	5.2833462987668	0.00359864883766355	0.00797389738538947	TRUE	0	0
Lachnospiraceae bacterium oral taxon 500	-0.905819705482321	0.311303569582878	-2.08474564907836	0.273106238113718	0.00361702561811481	0.00797389738538947	TRUE	0	0
Neisseria sp. HMSC15C08	2.30886150055348	0.822618325066372	-0.806445164248762	5.42416816535571	0.00500483093316882	0.0109107423508632	TRUE	0	0
Selenomonas infelix	-1.48826741376699	0.530486091022804	-3.49725117280845	0.520716345274469	0.00502419063579267	0.0109107423508632	TRUE	0	0
Pseudoleptotrichia goodfellowii	2.49458111819464	0.89152754782633	-0.881689051053129	5.87085128744242	0.00514045723776476	0.0110805411569596	TRUE	0	0
Veillonella dispar	-2.20111803574618	0.789905344636116	-5.19253861285192	0.790302541359555	0.00532708805000436	0.0113984016364064	TRUE	0	0
Prevotella sp. HMSC069G02	-2.15032476667897	0.775561317835061	-5.08742362381838	0.786774090460432	0.0055609668609501	0.0118119807046458	TRUE	0	0
Abiotrophia defectiva	2.30596915787019	0.844351899284871	-0.89164390170802	5.5035822174484	0.00631324608693889	0.013312714574632	TRUE	0	0
Xylanimonas cellulosilytica	-2.30215602620777	0.855520876069862	-5.5420666942358	0.937754641820259	0.00712508383445615	0.0149165424160197	TRUE	0	0
Actinomyces sp. oral taxon 180	-2.30493952386461	0.859482190046326	-5.5598519338381	0.949972886108885	0.00732322699642228	0.0152218503997063	TRUE	0	0
Streptococcus pseudopneumoniae	-1.72959571123639	0.649430554109996	-4.18902953600785	0.729838113535067	0.00773899689463534	0.0159719723144602	TRUE	0	0
Streptococcus sp. oral taxon 058	-1.98348223494322	0.753992898597211	-4.83890014947111	0.87193567958467	0.00852248062325255	0.0174650835307499	TRUE	0	0
Dialister invisus	-1.93959822777151	0.739060497484885	-4.73846621229028	0.85926975674725	0.00867990676745698	0.0175406449259026	TRUE	0	0
Veillonella rodentium	-2.18507164733792	0.831864080546317	-5.33539256211505	0.965249267439217	0.00862129641385363	0.0175406449259026	TRUE	0	0
Capnocytophaga sp. oral taxon 864	-1.41995093926579	0.541551259593601	-3.47083917860554	0.630937300073972	0.00874137559707472	0.0175430365430948	TRUE	0	0
Anaerolineaceae bacterium oral taxon 439	2.63360754908108	1.01888492008647	-1.22497289520427	6.49218799336643	0.00974372157405416	0.019420705329108	TRUE	0	0
Megasphaera micronuciformis	-1.89498597806218	0.748688319187185	-4.7303151210584	0.940343164934039	0.0113713664837916	0.0225106642638324	TRUE	0	0
Actinomyces oris	-1.09416087866864	0.443500541334709	-2.77372496101745	0.585403203680169	0.013621171703451	0.0267821686871908	TRUE	0	0
Neisseria sp. HMSC072F04	2.02676990202995	0.831677034296646	-1.12284265698793	5.17638246104784	0.0148110105122384	0.0288551258764927	TRUE	0	0
[Eubacterium] brachy	2.07999132929242	0.854052285375447	-1.15435769460641	5.31434035319125	0.0148737762249962	0.0288551258764927	TRUE	0	0
Streptococcus anginosus	-1.86241167567275	0.772682847204083	-4.78860958583847	1.06378623449298	0.0159386043764032	0.0307161183677705	TRUE	0	0
Cardiobacterium valvarum	1.82164233416027	0.772728520512612	-1.10472854366023	4.74801321198078	0.0184026338792729	0.0352313582820291	TRUE	0	0
Rothia sp. HMSC036D11	-2.3416253465161	0.995010021527284	-6.10979006781484	1.42653937478265	0.0186041816497637	0.0353844239220996	TRUE	0	0
Streptococcus sp. NLAE-zl-C503	-1.703870932803	0.738653741032289	-4.50119850538453	1.09345663977853	0.0210701645492852	0.0398144018431298	TRUE	0	0
Actinomyces radicidentis	2.0399946883659	0.892342916555613	-1.33936333287739	5.41935270960919	0.0222477832562322	0.0417684188875069	TRUE	0	0
Capnocytophaga sp. oral taxon 338	1.5235250172458	0.680277126022878	-1.05272669030107	4.09977672479266	0.0251191603001814	0.0468568951753384	TRUE	0	0
Alloprevotella tannerae	-1.8864251959167	0.861275332715856	-5.1481283484972	1.37527795666379	0.0285046887252196	0.0519583580717474	FALSE	0	0
Actinomyces naeslundii	-0.879428808032291	0.401113731290651	-2.39847140939014	0.63961379332556	0.0283457694136541	0.0519583580717474	FALSE	0	0
Olsenella uli	-2.08057401682608	0.950296481564733	-5.67940578649018	1.51825775283802	0.0285681693865278	0.0519583580717474	FALSE	0	0
Slackia exigua	-1.89434012821951	0.864380550964438	-5.16780293507793	1.37912267863892	0.0284114360326765	0.0519583580717474	FALSE	0	0
Prevotella buccae	-1.8183215479091	0.831683661914434	-4.96795920612698	1.33131611030879	0.0287926481122056	0.052041370190384	FALSE	0	0
Veillonella tobetsuensis	-1.25067659004814	0.575591664320631	-3.43047795530218	0.929124775205911	0.0297913154104436	0.0535140295335746	FALSE	0	0
Rothia sp. HMSC064D08	-2.17789959516021	1.00551021887999	-5.9858292156812	1.63003002536078	0.0303138878861841	0.0541186587415924	FALSE	0	0
Actinomyces massiliensis	-0.822046743343588	0.383511607145483	-2.27442900783173	0.630335521144556	0.0320751435034166	0.0569138217042331	FALSE	0	0
Schaalia cardiffensis	2.05421405489127	0.96305057870998	-1.5929182724305	5.70134638221304	0.0329224118814707	0.0580631627727757	FALSE	0	0
Campylobacter concisus	-1.06212256297779	0.504048459318737	-2.97098536951965	0.846740243564075	0.035101682401005	0.061533672160798	FALSE	0	0
Neisseria gonorrhoeae	1.70447242853047	0.828340151163077	-1.43250314690838	4.84144800396932	0.0396192999155553	0.0690372232061472	FALSE	0	0
Campylobacter sp. 10_1_50	-1.10329762974472	0.543424299764503	-3.16127918848917	0.954683928999734	0.0423291810410705	0.0733201885889972	FALSE	0	0
Actinomyces bouchesdurhonensis	-1.44728581974029	0.728480239664585	-4.20608571107593	1.31151407159535	0.0469535014905995	0.0808489286021566	FALSE	0	0
Desulfobulbus oralis	1.90069611850139	0.962996922199756	-1.74623300828519	5.54762524528796	0.0484124280353351	0.082870685636956	FALSE	0	0
Capnocytophaga sp. oral taxon 332	1.57437636560018	0.811200648119389	-1.49769084779958	4.64644357899994	0.0522828180966705	0.0884552329426228	FALSE	0	0
Streptococcus mitis	-1.13546112310662	0.584551055936562	-3.3491922606052	1.07827001439197	0.0520826629530834	0.0884552329426228	FALSE	0	0
Rothia aeria	1.89033418079117	0.978652583180013	-1.81588390602404	5.59655226760637	0.0534128275005887	0.0893283494406397	FALSE	0	0
Granulicatella adiacens	1.62173515793757	0.838878381961807	-1.5551493517447	4.79861966761984	0.0532092939371627	0.0893283494406397	FALSE	0	0
Treponema putidum	1.62519720398081	0.866156702738995	-1.65499199991057	4.90538640787219	0.0606097585625291	0.100785369952548	FALSE	0	0
Actinomyces sp. oral taxon 172	-1.59369340631947	0.873568452079032	-4.90195136507963	1.7145645524407	0.0680993832832951	0.112596139405903	FALSE	0	0
Pseudoramibacter alactolyticus	-1.41743121915435	0.778056799305202	-4.36398061953954	1.52911818123085	0.0684917091029251	0.112605013270911	FALSE	0	0
Aggregatibacter aphrophilus	1.44614706172459	0.803834053749578	-1.59802240148183	4.49031652493101	0.0720089207708775	0.117722449125423	FALSE	0	0
Cellulomonas flavigena	-1.6935898840188	0.948892405713138	-5.28710433126852	1.89992456323091	0.0742926145351277	0.120777378936995	FALSE	0	0
Treponema socranskii	-0.858932331683066	0.489609925003869	-2.7131155124368	0.995250849070668	0.0793757438076192	0.128324119155651	FALSE	0	0
Capnocytophaga sputigena	0.851787896088412	0.490291097253759	-1.00497492626253	2.70855071843935	0.0823323702752012	0.132086807031788	FALSE	0	0
Rothia sp. HMSC065D02	-1.69979526957288	0.979295157166405	-5.40844682396526	2.0088562848195	0.0826109927140393	0.132086807031788	FALSE	0	0
Rothia sp. HMSC058E10	-1.69425086887106	0.983382609091341	-5.41838185745035	2.02988011970823	0.0849101102023322	0.135020994911905	FALSE	0	0
Cardiobacterium hominis	1.34001314080831	0.782453357254453	-1.62318629746705	4.30321257908366	0.0867900305464593	0.136748577547761	FALSE	0	0
Rothia sp. HMSC08A08	-1.63678634188502	0.956187123525041	-5.25792633834121	1.98435365457117	0.0869363809152432	0.136748577547761	FALSE	0	0
Rothia sp. HMSC065G12	-1.63448878884572	0.960672549021489	-5.27261537011016	2.00363779241871	0.0888678009199785	0.139035107890934	FALSE	0	0
Rothia sp. HMSC071F11	-1.66546765150629	1.00800668546737	-5.48285154597321	2.15191624296062	0.0984859009332473	0.153258808404144	FALSE	0	0
Peptostreptococcaceae bacterium oral taxon 113	1.42115721787272	0.876152967867813	-1.89688846262514	4.73920289837057	0.104794280862265	0.162208168781485	FALSE	0	0
Capnocytophaga sp. oral taxon 863	1.09738961375074	0.684561292382826	-1.49508649776037	3.68986572526185	0.108922443712154	0.167705984763157	FALSE	0	0
Treponema sp. OMZ 838	1.19713582647986	0.755153227540391	-1.66267632578856	4.05694797874827	0.112900770884926	0.172916443829018	FALSE	0	0
Hallella seregens	-1.0273299562837	0.649998583728912	-3.48891494448502	1.43425503191762	0.113989874061729	0.173049669999972	FALSE	0	0
Treponema denticola	1.20341326009263	0.761801798681681	-1.68157744382816	4.08840396401342	0.114177101855652	0.173049669999972	FALSE	0	0
Haemophilus haemolyticus	-1.18519440786484	0.762464614198836	-4.07269523529638	1.70230641956671	0.120082964348754	0.181057733810816	FALSE	0	0
Rothia sp. HMSC067H10	-1.51749184954276	0.98858347898903	-5.26131885529227	2.22633515620674	0.124779800519175	0.187169700778763	FALSE	0	0
Streptococcus intermedius	1.20229494549408	0.794394052453439	-1.80612464677282	4.21071453776098	0.13015923624976	0.194237629480411	FALSE	0	0
Lautropia mirabilis	1.19199829175533	0.80011862356304	-1.83810060668244	4.22209719019309	0.136282890753065	0.201311275173309	FALSE	0	0
Neisseria sp. HMSC068C04	1.15967436807339	0.778079571997404	-1.78696127391089	4.10631001005768	0.136110793377339	0.201311275173309	FALSE	0	0
Prevotella intermedia	-0.586933375092764	0.396806056997481	-2.08966254648389	0.915795796298366	0.139101780980019	0.204437465985786	FALSE	0	0
[Eubacterium] minutum	1.286047799209	0.881356966135811	-2.05170574579164	4.62380134420964	0.144518899674059	0.211331657312318	FALSE	0	0
Rothia sp. HMSC069C01	-1.3923124608003	0.985313178827331	-5.12375463681869	2.33912971521809	0.157636346389487	0.229360883996704	FALSE	0	0
Actinomyces urogenitalis	1.19808411152661	0.855241538488724	-2.0407686877405	4.43693691079372	0.16125228772252	0.233454804613201	FALSE	0	0
Actinomyces sp. HMSC08A09	-0.962461585941554	0.706179556110843	-3.63680740424276	1.71188423235965	0.172909802322768	0.247920869812866	FALSE	0	0
Filifactor alocis	1.11725720750635	0.819829900795655	-1.98748952147856	4.22200393649125	0.172948235642652	0.247920869812866	FALSE	0	0
Pseudopropionibacterium propionicum	-0.540782908881779	0.399177739951333	-2.05249379085216	0.970927973088602	0.175499724242246	0.250345194874968	FALSE	0	0
Schaalia odontolytica	-0.909630041126091	0.687217165397113	-3.51216410861771	1.69290402636553	0.185621709356745	0.263492280111282	FALSE	0	0
Prevotella enoeca	-1.10663263964831	0.840108399356701	-4.28817530156397	2.07491002226736	0.187754898615015	0.265226580082375	FALSE	0	0
Granulicatella sp. HMSC30F09	1.11601684105361	0.851503204694286	-2.10867865605988	4.3407123381671	0.189978354305489	0.26707101982076	FALSE	0	0
Treponema medium	1.08076895979239	0.832326249171942	-2.0713022162612	4.23284013584599	0.19411833025621	0.27027958901702	FALSE	0	0
Granulicatella sp. 572.rep1_STHE	1.09750109444281	0.844190903839609	-2.09950226538967	4.29450445427529	0.193579485020397	0.27027958901702	FALSE	0	0
Actinomyces johnsonii	-0.567141445396766	0.447198191105705	-2.26070875697678	1.12642586618324	0.204722785256472	0.283687288141112	FALSE	0	0
Neisseria bacilliformis	1.14644997014346	0.91932188057613	-2.33507906268749	4.62797900297441	0.212375328458761	0.292896780007106	FALSE	0	0
Prevotella sp. oral taxon 473	1.14429267377891	0.930445554531206	-2.37936240287259	4.66794775043041	0.218759637392272	0.300278558873354	FALSE	0	0
Rothia dentocariosa	-1.13164851520294	0.932129746846647	-4.66168173270692	2.39838470230104	0.224730107850889	0.307025640303327	FALSE	0	0
Campylobacter showae	-0.568831548880484	0.474246007564185	-2.36483062050505	1.22716752274408	0.230355330509595	0.311967382064957	FALSE	0	0
Streptococcus sp. DD04	-0.76092170818157	0.634580488073148	-3.16411741098606	1.64227399462292	0.230491364755896	0.311967382064957	FALSE	0	0
Selenomonas sp. oral taxon 892	-0.690051599627182	0.577136283754083	-2.87570253456499	1.49559933531063	0.231834116538966	0.312332073670551	FALSE	0	0
Actinomyces viscosus	-0.815170095766801	0.685266253359742	-3.41031593826115	1.77997574672755	0.23421663724744	0.314087748566844	FALSE	0	0
Streptococcus pneumoniae	-0.855555433860103	0.732018076859983	-3.62775333428206	1.91664246656185	0.24249924687794	0.323703123126057	FALSE	0	0
Methanobrevibacter oralis	1.0673348636146	0.915967754070204	-2.40149188391574	4.53616161114494	0.243916292842143	0.324107950762847	FALSE	0	0
Aggregatibacter sp. oral taxon 458	-0.712186155694237	0.683126262531789	-3.29922772007346	1.87485540868499	0.297161592572994	0.393063742903369	FALSE	0	0
Peptoanaerobacter stomatis	0.748686481993476	0.735281580707367	-2.03587051009537	3.53324347408233	0.30856820164371	0.406304736100994	FALSE	0	0
Prevotella fusca	-0.818003921097001	0.828369270017677	-3.95508977144591	2.31908192925191	0.323403931680856	0.423921369905987	FALSE	0	0
Eikenella corrodens	0.562696134040593	0.578522450672999	-1.62820430107177	2.75359656915295	0.330730486815162	0.431581038848485	FALSE	0	0
Actinomyces ruminicola	-0.776803725323475	0.824352755050276	-3.89867878414739	2.34507133350044	0.346029056864161	0.449528819408352	FALSE	0	0
Candidatus Methanomethylophilus alvus	-0.625242046451428	0.676357482685177	-3.18664982134872	1.93616572844587	0.35526486760743	0.459475895438942	FALSE	0	0
Mycobacterium leprae	0.764463736555917	0.835547203749855	-2.39980539443965	3.92873286755148	0.360230557777356	0.463836691651374	FALSE	0	0
Atopobium sp. oral taxon 810	-0.66558473837172	0.73113067999556	-3.43442201177891	2.10325253503546	0.362638012468913	0.464879566645171	FALSE	0	0
Streptomyces turgidiscabies	0.771942478100284	0.863013319423569	-2.49634253803575	4.04022749423632	0.371068643290658	0.473600768410445	FALSE	0	0
Capnocytophaga gingivalis	0.414743646501142	0.474226542214738	-1.38118170863667	2.21066900163895	0.381808675162977	0.485180456211468	FALSE	0	0
Treponema lecithinolyticum	0.706331465031064	0.820600357280823	-2.40133303049277	3.81399596055489	0.389375944831739	0.492645217156678	FALSE	0	0
Johnsonella ignava	-0.406775461838919	0.477511294124307	-2.21514037637419	1.40158945269635	0.394288672107202	0.496701314212969	FALSE	0	0
Capnocytophaga sp. oral taxon 329	0.511201529511371	0.617683248252661	-1.82800327711988	2.85040633614263	0.407890764417425	0.511621605368408	FALSE	0	0
Fusobacterium sp. HMSC064B11	-0.48201352354732	0.59465921832082	-2.73402489950526	1.76999785241062	0.417612070281003	0.52156700623078	FALSE	0	0
Neisseria sp. oral taxon 014	0.720418278708671	0.915173706825762	-2.74540136261288	4.18623792003022	0.431168930853359	0.536197260163792	FALSE	0	0
Neisseria sp. HMSC064D07	-0.496292541123951	0.645713294174207	-2.94164887175275	1.94906378950485	0.44213328559939	0.542872515229631	FALSE	0	0
Streptococcus constellatus	-0.517448488255426	0.672326160098789	-3.06358939425538	2.02869241774452	0.441514015563612	0.542872515229631	FALSE	0	0
Peptostreptococcus anaerobius	-0.590045729691541	0.766254005530994	-3.49189721734168	2.3118057579586	0.44127655618923	0.542872515229631	FALSE	0	0
Phocaeicola abscessus	-0.726597923067789	0.951929910895331	-4.33161559100942	2.87841974487384	0.445290877088904	0.544452290894416	FALSE	0	0
Actinomyces sp. HMSC075C01	-0.450582670799946	0.604606845037687	-2.74026632667886	1.83910098507897	0.456121181722081	0.555360936741111	FALSE	0	0
Thermoplasmatales archaeon BRNA1	-0.476099577072345	0.686835045350586	-3.07718653222593	2.12498737808123	0.488197273481083	0.591939194095813	FALSE	0	0
Prevotella dentalis	-0.485856276961116	0.707237993652001	-3.16421046393801	2.19249791001578	0.49209718506008	0.594192036732296	FALSE	0	0
Leptotrichia sp. oral taxon 212	-0.30335197359557	0.473333377334146	-2.0958948578833	1.48919091069216	0.521597797423072	0.627210574587248	FALSE	0	0
Kingella oralis	-0.558278428973739	0.887866219204581	-3.92068291943731	2.80412606148984	0.529488738652209	0.634079106781041	FALSE	0	0
Bacteroides zoogleoformans	-0.494823355254851	0.80877339763529	-3.55769842038871	2.56805170987901	0.540657170680598	0.64480015027891	FALSE	0	0
Neisseria sp. HMSC061B04	0.439807177527425	0.725274856156035	-2.30685372747257	3.18646808252742	0.544248706444838	0.646434177858971	FALSE	0	0
Parvimonas micra	0.466076518619717	0.795881106887617	-2.54797464110509	3.48012767834452	0.558137133884064	0.660235390082368	FALSE	0	0
Haemophilus parainfluenzae	0.396263059031027	0.692937217830925	-2.22793320212572	3.02045932018777	0.567416842831289	0.668495146817429	FALSE	0	0
Actinomyces sp. oral taxon 170	-0.353897716833048	0.639306826145574	-2.77499235532676	2.06719692166066	0.579876762853342	0.680419911251301	FALSE	0	0
Tannerella forsythia	0.320948545674231	0.593543499382005	-1.92683753339909	2.56873462474755	0.588691642531252	0.687989028018451	FALSE	0	0
Corynebacterium durum	0.422642855866272	0.809822112851162	-2.64420375889386	3.48948947062641	0.601742799855468	0.697638066764706	FALSE	0	0
Streptococcus sp. 2_1_36FAA	-0.465764905712804	0.887892081602205	-3.82826733868171	2.8967375272561	0.599879517775108	0.697638066764706	FALSE	0	0
Capnocytophaga leadbetteri	0.31954566140544	0.620115134551612	-2.02886884961035	2.66796017242123	0.606343024251012	0.700181825623192	FALSE	0	0
Vibrio owensii	0.410908413951443	0.821873248628282	-2.70157660012574	3.52339342802862	0.61709924657003	0.709786089928374	FALSE	0	0
Capnocytophaga granulosa	-0.229199063224655	0.514142676684822	-2.17628929757636	1.71789117112705	0.655749789859325	0.748326230780641	FALSE	0	0
Actinomyces timonensis	0.329918346831731	0.737445471779103	-2.46283343507917	3.12267012874263	0.654600721951448	0.748326230780641	FALSE	0	0
Aggregatibacter actinomycetemcomitans	0.345235373558161	0.797340559798057	-2.67434282494066	3.36481357205698	0.665026695583768	0.755948314120611	FALSE	0	0
Streptococcus sp. M143	-0.325670606328735	0.802067322672886	-3.36314934926985	2.71180813661238	0.684713951631855	0.775298676750466	FALSE	0	0
Porphyromonas gingivalis	0.277687645966804	0.718382305096668	-2.44287074028489	2.9982460322185	0.699092507177876	0.785466870999081	FALSE	0	0
Tessaracoccus sp. T2.5-30	-0.285858635141035	0.733637295493578	-3.06418861704878	2.49247134676671	0.696798536326481	0.785466870999081	FALSE	0	0
Actinomyces sp. oral taxon 171	-0.228229926799521	0.613331464857746	-2.55095425955747	2.09449440595843	0.709807120886779	0.789636830169932	FALSE	0	0
Streptococcus sp. 263_SSPC	0.30536283547084	0.823995711112725	-2.81516007579644	3.42588574673812	0.71094450001554	0.789636830169932	FALSE	0	0
Catonella morbi	0.282043379611243	0.750713274844323	-2.56095439616689	3.12504115538938	0.707139539492978	0.789636830169932	FALSE	0	0
Porphyromonas sp. KLE 1280	0.290582240405864	0.802296432946946	-2.74776415736618	3.3289286381779	0.717211453214832	0.793568566104624	FALSE	0	0
Alloprevotella rava	-0.276679347439453	0.851536354332436	-3.50150038429053	2.94814168941163	0.745243259351474	0.818626269102193	FALSE	0	0
Streptococcus sp. HMSC10A01	-0.251996239690033	0.776330346115346	-3.1920074546678	2.68801497528774	0.745484403134299	0.818626269102193	FALSE	0	0
Aggregatibacter segnis	0.233140371972674	0.750331880261042	-2.60841303884177	3.07469378278712	0.756016277884123	0.819256911395237	FALSE	0	0
Pseudomonas nitroreducens	0.255570174128726	0.827082438708506	-2.87664236616644	3.38778271442389	0.757319962767418	0.819256911395237	FALSE	0	0
Streptococcus sanguinis	0.113048263109764	0.357405862183619	-1.24046992457489	1.46656645079442	0.751773135917414	0.819256911395237	FALSE	0	0
Streptococcus sp. C300	0.258145807130421	0.811202286001824	-2.8139276090318	3.33021922329264	0.750313373116921	0.819256911395237	FALSE	0	0
Prevotella sp. oral taxon 472	-0.140140751001775	0.460500656338379	-1.88408532422898	1.60380382222543	0.760882138854925	0.820061860765864	FALSE	0	0
Neisseria sp. HMSC066H01	-0.196354816764399	0.688585941769131	-2.80407252534987	2.41136289182107	0.775524178931454	0.832758435679163	FALSE	0	0
Capnocytophaga sp. oral taxon 326	0.155980515616729	0.567761217065488	-1.99416645977144	2.3061274910049	0.783524389522197	0.838255872613821	FALSE	0	0
Bacteroidetes oral taxon 274	-0.142783081021916	0.538027490720656	-2.18032658888584	1.89476042684201	0.790714815307316	0.839773763702295	FALSE	0	0
Fusobacterium sp. oral taxon 203	-0.218106367780804	0.820261502731624	-3.32448760009088	2.88827486452927	0.790317319699598	0.839773763702295	FALSE	0	0
Prevotella loescheii	-0.112679966025061	0.460720543972758	-1.85745726737419	1.63209733532407	0.806786802469665	0.853727125522445	FALSE	0	0
Porphyromonas sp. oral taxon 278	-0.185143438636869	0.791509728936881	-3.18263991868906	2.81235304141532	0.815053478503317	0.859349863204584	FALSE	0	0
Actinomyces slackii	0.178919193479883	0.831233892796032	-2.96901516116515	3.32685354812491	0.829576069696583	0.87150410210002	FALSE	0	0
Mogibacterium pumilum	0.12755892032168	0.809384044369381	-2.93762870190285	3.19274654254621	0.874772008509937	0.91567861322443	FALSE	0	0
Prevotella baroniae	-0.106501715705377	0.854116505526331	-3.34109394530236	3.12809051389161	0.900767186751301	0.939509861450281	FALSE	0	0
Actinomyces sp. oral taxon 849	-0.0705308467875305	0.630362439524107	-2.45775253788224	2.31669084430718	0.910911137064298	0.944431911299071	FALSE	0	0
Gemella morbillorum	-0.0778662856798764	0.704385758335	-2.7454188804458	2.58968630908605	0.911977206443433	0.944431911299071	FALSE	0	0
Fusobacterium sp. oral taxon 370	0.0707077491891122	0.770681736219137	-2.84791182944855	2.98932732782678	0.926899041931737	0.946726617370882	FALSE	0	0
Treponema vincentii	-0.0687413007168551	0.752421637928943	-2.91820875355086	2.78072615211715	0.927206480930245	0.946726617370882	FALSE	0	0
Streptococcus sp. HMSC062B01	0.0776797480923386	0.822788852951593	-3.03827271639753	3.1936322125822	0.924783228682619	0.946726617370882	FALSE	0	0
Streptococcus sp. NPS 308	-0.0776841630530267	0.827311796403984	-3.21076529517939	3.05539696907334	0.925188991960872	0.946726617370882	FALSE	0	0
Eggerthia catenaformis	-0.0683975257348655	0.832631895592835	-3.22162620375878	3.08483115228905	0.934530474518693	0.950868419877412	FALSE	0	0
Treponema maltophilum	-0.0318801600445457	0.66119795704795	-2.53587787025712	2.47211755016803	0.961544292500233	0.974945606681421	FALSE	0	0
Capnocytophaga haemolytica	0.0291037685162499	0.854208865179434	-3.20583823282068	3.26404576985318	0.972820516644916	0.980835759061534	FALSE	0	0
Neisseria sp. HMSC078C12	-0.0230421124584312	0.709571331015211	-2.71023279288234	2.66414856796548	0.974094619823997	0.980835759061534	FALSE	0	0
Fusobacterium hwasookii	-0.0149663928893879	0.597139970741987	-2.27637253227029	2.24643974649151	0.980004346893802	0.983383672227918	FALSE	0	0
Capnocytophaga sp. ChDC OS43	-0.00241074616540971	0.52983746920142	-2.00893813410314	2.00411664177232	0.996369659338123	0.996369659338123	FALSE	0	0
