Species	CMC001.A0101	CMC001.A0201	CMC001.B0201	CMC002.A0201	CMC002.B0201	CMC003.A0201	CMC003.B0101	CMC004.A0101	CMC004.B0201	CMC005.A0202	CMC005.B0101	CMC006.A0101	CMC006.B0201	CMC007.B0101	CMC008.A0101	CMC008.B0201	CMC009.A0202	CMC009.B0101	CMC010.A0101	CMC010.B0201	CMC011.A0201	CMC011.B0101	CMC012.A0201	CMC012.B0201	CMC013.A0201	CMC013.B0101	CMC014.A0101	CMC015.A0201	CMC015.B0201	CMC016.A0101	CMC016.A0102	CMC017.A0201	CMC017.B0201	CMC018.A0101	CMC018.B0101	CMC020.A0101	CMC020.B0101	CMC021.A0201	CMC021.B0201	CMC022.A0101	CMC022.B0101	CMC023.A0301	CMC023.B0201	CMC024.A0101	CMC024.B0101	CMC025.A0201	CMC026.A0101	CMC026.B0101	CMC027.A0201	CMC027.B0201	CMC028.A0101	CMC028.B0101	CMC029.A0201	CMC029.B0201	CMC030.A0101	CMC030.B0101	CMC031.A0201	CMC031.B0201	CMC032.A0101	CMC033.A0201	CMC033.B0201	CMC034.A0101	CMC034.B0101	CMC035.A0201	CMC035.B0201	CMC036.A0101	CMC036.B0101	CMC037.A0201	CMC037.B0201	CMC038.A0101	CMC038.B0101	CMC039.B0201	CMC040.B0101	CMC041.A0201	CMC042.A0201	CMC042.B0101	CMC043.A0101	CMC043.B0101	CMC044.A0201	CMC045.A0201	CMC045.B0201	CMC046.B0201	CMC047.A0201	JAE006.A0101	JAE007.A0101	JAE008.A0101	JAE009.A0101	JAE010.A0101	JAE012.A0101	JAE013.A0101	JAE014.A0101	JAE015.A0101	JAE016.A0101	SRR061192	SRR061294	SRR061320	SRR061365	SRR061562	SRR062083	SRR062298	SRR062299	SRR063517	SRR512767	SRR513165	SRR513768	SRR513775	SRR513828	SRR514202	SRR514239	SRR514306	SRR514329	SRR1804664	SRR1804823
Bacteroides	1483	2419	1433	2001	141	929	0	3827	1851	761	0	0	407	530	1018	303	0	2098	774	1365	4294	915	834	380	948	0	309	601	528	2198	1133	2693	2757	1399	26869	1286	1157	1745	1487	387	4227	3148	632	833	1386	3498	1937	1164	1563	1296	1683	636	321	1307	1158	1419	0	1475	0	0	854	1400	663	3415	1041	2494	0	1008	0	18201	13157	1542	1088	2546	469	0	0	0	417	0	1046	639	0	0	0	6318	60869	10497	5286	0	52049	37264	115521	1886	5436	0	0	3701	5686	7251	2991	2442	10782	3978	28794	3826	0	1309	3172	4145	0	6917	11037
Odoribacter	0	0	0	0	0	0	0	0	0	0	0	0	0	0	0	0	0	0	0	0	0	0	0	0	0	0	0	0	0	0	0	0	0	332	246	0	0	0	0	0	0	0	0	0	0	0	0	0	159	0	0	0	0	0	0	0	0	0	0	0	0	0	0	0	0	0	0	0	0	0	0	0	0	0	0	0	0	0	0	0	0	0	0	0	0	0	0	0	0	0	0	0	0	0	0	0	0	0	0	0	0	0	0	0	0	0	0	0	0	0	0	0	0
Porphyromonas	10310	15915	37704	8796	1767	52115	41556	15396	17680	17518	837	12776	2136	6352	6996	21915	11664	60288	59427	4818	66183	19545	2855	5159	9410	405	291	32635	831	12615	37069	62195	18901	30829	190913	67626	6735	117419	5875	13976	79274	174110	1227	16498	19360	160503	27290	896	152467	27180	27810	106210	39776	8691	15150	1148	13046	904	2713	56723	6658	45557	5024	144542	13366	7039	25582	35940	0	69629	136046	24908	136100	16174	65421	4243	1043	946	4937	20536	44820	10473	1253	81421	49905	242938	834750	300795	261017	107639	368334	432915	1241119	136704	122813	91364	30431	1629986	90666	254357	37653	100040	59238	181305	484361	321504	779480	0	340788	243481	412190	81460	24894
Alloprevotella	2311	2566	4421	17262	734	2531	3449	1175	38251	1246	1619	5382	1509	772	7283	658	3054	3068	8250	1075	44508	7906	11250	4873	18034	309	2307	0	0	15185	1258	12364	7341	77226	8601	2139	7124	3960	10677	422	6888	5178	9836	515	4620	8227	3661	449	529	13892	784	1566	705	1038	1295	0	0	0	0	1019	3868	4862	12745	7917	812	3713	2321	2092	0	2509	4889	2050	31150	6917	10089	0	990	907	6701	0	20339	1402	0	0	0	33754	20163	0	12993	0	5394	6269	27214	4532	261823	0	0	11113	0	339525	338910	48914	0	67563	0	148112	13362	0	1549	0	136492	0	6062
Paraprevotella	0	0	0	0	0	0	0	0	0	316	0	405	0	0	0	0	0	0	0	0	0	0	0	0	0	0	0	0	0	0	320	0	0	0	0	0	0	0	0	0	0	292	0	0	0	0	0	0	0	0	0	0	0	0	0	0	0	0	0	374	0	0	0	0	0	0	0	0	0	0	188	0	0	919	0	0	0	0	0	0	0	0	0	18603	7925	0	0	0	0	5295	0	0	0	2371	1226	0	0	0	0	1364	0	0	0	2200	0	0	6474	0	0	0	0	0	2614
Prevotella	43707	46865	132552	85184	12118	33853	14608	41075	342696	150774	155215	57599	134467	249465	176919	121693	124609	205913	127917	250612	291514	282661	265222	96547	405690	55125	134303	63748	142268	244372	164904	113397	182931	292781	143119	71753	382849	260202	307569	84805	142439	128011	193445	38089	127230	92993	66021	89371	31163	243288	46103	171657	46534	231898	40207	216194	2890	145126	164313	44793	316502	93821	256806	129350	37160	406000	121374	39836	29150	73518	92908	216421	288254	334979	73299	99209	127004	110437	133007	33303	278575	143128	16682	93772	45203	1656237	733770	133167	750510	96632	548187	333004	585866	627349	481695	327005	7227	671059	89358	1104124	1096579	65197	37215	902409	595644	892436	546875	358835	1050541	1996805	396174	102828	52520
Alistipes	0	0	0	0	0	0	0	0	0	0	0	0	0	0	0	0	0	0	0	0	0	0	0	0	0	0	0	0	0	0	0	0	0	0	0	0	0	0	0	0	0	0	0	0	0	0	0	0	0	0	0	0	0	0	0	0	0	0	0	0	0	0	0	0	0	0	0	0	0	0	0	0	0	0	0	0	0	0	0	0	0	0	0	0	0	0	0	0	0	0	0	0	0	0	0	0	0	2875	0	0	0	0	0	0	3315	0	0	0	0	0	0	0	0
Tannerella	18760	24402	181174	5954	428	23937	5760	28473	180220	128674	42864	6523	181095	120158	198663	82331	12428	165490	41397	239251	60557	92551	102954	56315	96870	27063	2506	52956	87499	123265	64077	68824	211010	37819	56266	50869	243156	95221	176112	30150	53245	93736	37582	27511	67611	78148	75053	68648	48761	239060	20385	51319	22162	309635	7168	279430	898	186432	4093	14856	75599	13905	64112	40422	29921	328689	80671	14931	3106	21042	44688	326388	162355	191799	16970	22221	43279	37438	77207	10205	178281	114010	3389	81420	140310	495309	671881	299431	108531	95209	793384	2154867	4898488	85944	110470	31924	0	320207	7099	423434	13768	0	27496	228602	5834	530514	0	0	167344	378929	32646	82335	8028
Phocaeicola	19953	33881	674	15993	0	534	0	1489	4997	0	567	3334	0	0	0	1089	0	7982	3069	1715	1651	0	5757	683	1296	0	0	2849	0	20212	0	15107	3617	8397	21388	6373	0	2977	490	0	37661	3555	812	4323	4490	5164	1022	17974	4817	1882	8965	3420	236	0	4705	19790	0	0	1008	759	734	635	2384	9064	25990	2904	0	2536	0	1563	19278	1241	0	3464	0	0	0	0	0	0	283	0	0	94002	24032	214723	407420	393281	186451	75248	2124969	2759267	1537475	0	0	0	0	0	0	0	0	0	0	8380	0	0	0	0	0	0	0	0	0
Bergeyella	0	0	0	0	0	0	0	0	0	0	0	0	0	0	0	0	0	0	0	0	0	0	0	0	0	0	0	0	0	0	0	0	0	0	0	0	0	0	0	0	0	0	0	0	0	0	0	0	0	0	0	0	0	0	0	0	0	0	0	0	0	0	0	0	0	0	0	0	0	0	0	0	0	0	0	0	0	0	0	0	0	0	0	0	6518	0	0	0	6509	0	0	0	0	0	0	0	0	0	0	0	0	0	0	0	0	0	0	0	0	0	3974	0	0
Capnocytophaga	103762	182000	143262	5727	983	121853	56836	116454	119251	288512	1178	192120	57248	211536	106478	230192	48958	104166	135443	93737	71143	138525	44530	29295	89705	19865	2005	89230	24971	97048	269743	115790	111485	85255	75319	164716	67239	118880	35455	281324	43384	154062	21756	62022	39383	20110	183703	52692	26663	122659	252410	253330	92397	75616	103616	134392	125940	82742	443128	251323	29400	200610	89834	217601	22488	46695	52542	135401	11767	63866	42064	112179	188804	327530	217933	229162	86203	75287	31654	121171	82291	89503	12396	6975369	5416913	3425830	1907286	4782772	6466051	3398613	1006725	332314	482670	1990008	538995	1544500	468313	3302234	1607422	872341	414046	327619	2193357	1569585	864770	1090176	3639090	280921	1530473	4127358	1336353	1751432	782544
Ornithobacterium	0	0	0	0	0	0	0	0	0	0	0	0	0	0	0	0	0	0	0	0	0	0	0	0	0	0	0	0	0	0	0	0	0	0	0	0	0	0	0	0	0	0	0	0	0	0	0	0	0	0	0	0	0	0	0	0	329	0	0	0	0	0	0	0	0	0	0	0	0	0	0	0	0	0	0	0	0	0	0	0	0	0	0	0	0	0	0	5967	0	4253	0	0	0	0	0	2866	0	0	3406	0	0	0	0	0	0	0	5175	0	0	0	5910	0	0
Riemerella	0	0	0	0	0	0	0	0	0	0	0	0	0	0	0	0	0	0	0	0	0	0	0	0	0	0	0	0	0	0	0	0	0	0	0	0	0	0	0	0	0	0	0	0	0	0	0	0	0	0	0	0	0	0	0	0	0	0	0	0	0	0	0	0	0	0	0	0	0	0	0	0	0	0	0	0	0	0	0	0	0	0	0	16598	15180	0	0	8262	15520	7485	0	0	0	0	0	3595	0	0	3713	0	644	0	0	0	0	3561	4548	0	0	0	9377	2823	0
Candidatus Kryptonium	1412	3210	2413	2703	1023	518	971	1892	1148	1555	1069	3078	3253	1717	1400	4821	0	2215	1331	1739	2100	1985	1446	1594	1260	865	1641	2409	2598	1909	2418	879	1309	800	5831	2886	2274	702	1896	757	1855	2132	973	1861	1090	811	1983	1408	1780	1513	1593	1007	1634	761	1631	1200	2839	701	2291	913	692	1144	1635	3609	2076	3499	1204	3124	997	1905	1787	1516	3838	2133	1633	990	5335	1987	2536	941	1253	1339	1897	0	0	6284	0	0	5493	4830	0	0	0	0	0	0	0	0	0	0	0	0	0	0	0	2476	0	0	0	0	0	0	0
Fusobacterium	14170	17326	72594	12750	1062	24264	25810	17780	98439	101511	6166	36923	27086	130716	52750	79895	20191	53752	25152	44877	47439	82044	40452	33464	36264	3788	4079	13193	13638	35115	90319	75608	50510	79965	42010	43648	47411	37825	35632	55654	52552	70610	12098	29720	15114	36181	54900	16027	21996	53844	49935	47308	22080	61771	27249	51434	34995	16560	70500	36535	50509	86058	29690	75454	21163	77841	26303	25685	736	42171	69392	97275	126776	139757	24911	83020	8496	7386	42085	20128	82065	95284	5790	114719	1837817	483611	232738	245663	666747	239503	213838	52417	374892	1081662	468529	520366	4550	993510	220383	719005	441185	62059	144762	539761	408978	539505	366602	376514	880428	843190	578605	101525	58004
Leptotrichia	23158	34096	292221	5112	2942	49169	24498	49206	466472	279040	369319	41383	182516	283402	392533	169554	167399	314747	80918	340760	234255	551460	450352	147505	420181	274235	27946	92560	506815	293533	206889	154577	323986	121178	61715	38905	374135	259927	541917	161593	27597	282302	262166	126251	68618	69360	257737	183241	28546	320150	189888	339398	55200	315842	33347	399720	42230	199619	38211	145280	539221	86011	197809	94337	26318	567737	124685	57706	43423	76838	119976	840908	140176	757362	55780	100737	191153	167697	190881	35294	252684	260330	92816	217086	1066166	529137	233602	162898	1260392	230034	257421	23383	327386	366620	677760	153702	7487	823777	102047	188397	36684	35765	408171	310191	95749	163159	274644	0	469258	778194	176709	82607	40618
Streptobacillus	0	0	0	0	0	0	0	0	0	0	0	0	0	0	0	0	0	0	0	0	278	0	0	0	0	0	0	0	0	0	0	0	0	0	0	0	0	0	497	0	0	0	0	0	0	0	0	0	208	0	0	0	226	0	0	0	0	0	0	0	0	0	285	0	0	1044	0	0	0	171	191	0	0	0	0	0	0	0	0	0	0	0	0	0	0	0	0	0	0	0	0	0	0	0	0	0	0	0	0	0	0	0	0	0	0	0	0	0	0	0	0	0	0
Nitrospira	0	0	0	0	0	0	0	0	0	0	0	0	0	0	0	0	0	0	0	0	0	0	0	0	0	0	0	0	0	0	0	0	0	0	0	0	0	0	0	0	0	0	0	0	0	0	0	0	0	0	0	666	0	0	0	0	0	0	0	0	0	0	0	0	0	0	0	0	0	0	0	0	0	0	0	0	0	0	0	0	0	0	0	0	0	0	0	0	0	0	0	0	0	0	0	0	0	0	0	0	0	0	0	0	0	0	0	0	0	0	0	0	0
Nesiotobacter	0	0	0	0	0	0	0	0	0	0	0	0	0	0	0	0	0	0	0	0	0	0	0	0	0	0	0	0	0	0	0	0	0	0	0	0	0	0	0	0	0	0	0	0	0	0	0	0	160	0	0	0	182	0	0	0	0	0	0	0	0	0	0	0	0	0	0	0	0	0	0	0	0	0	0	0	0	0	0	0	0	0	0	0	0	0	0	0	0	0	0	0	0	0	0	0	0	0	0	0	0	0	0	0	0	0	0	0	0	0	0	0	0
Alcaligenes	0	0	0	0	0	0	0	0	0	0	0	0	0	0	0	0	0	292	0	0	0	0	0	0	0	0	0	0	0	0	0	0	0	0	0	446	0	0	0	0	0	0	0	0	0	0	0	0	0	0	0	0	0	0	0	0	0	0	0	0	0	0	0	0	0	0	0	0	0	0	0	0	0	0	0	0	0	0	0	0	0	0	0	0	0	0	0	0	0	0	0	0	0	0	0	0	0	0	0	0	0	0	0	0	0	0	0	0	0	0	0	0	0
Lautropia	70711	105938	9177	305	0	198223	36444	119326	56092	3334	2642	577795	447830	27861	63286	9086	48314	4586	64501	3365	5493	3686	35130	19681	18162	115496	0	43802	32590	0	156554	56170	7045	11934	1279	95182	19131	13303	11146	227350	10720	23637	8077	19826	15276	4341	100039	24133	16990	8552	86082	10344	46684	12227	123757	0	394639	65331	55172	127674	4653	173840	645	634091	10243	0	14410	139846	0	47727	4765	3201	18045	13691	169666	46755	0	0	1535	69283	26913	20580	0	4788069	2245560	1602379	1458364	1322113	11511742	2109044	1775166	193877	113161	299432	1504	1563628	811777	364628	1612862	35667	22232	313323	0	172996	736011	179933	6033	78077	50427	314567	654544	177582	99893
Brachymonas	0	0	0	0	0	0	0	0	0	0	0	0	0	0	0	0	0	0	0	0	0	0	0	0	0	0	0	0	0	0	0	0	0	0	0	272	0	0	0	0	0	0	0	0	0	0	0	0	0	0	0	0	0	0	0	0	0	0	0	0	0	0	0	0	0	0	0	0	0	0	0	0	0	0	0	0	0	0	0	0	0	0	0	0	0	0	0	0	0	0	5191	0	0	0	0	0	0	0	0	0	0	0	0	0	0	0	0	0	0	0	0	0	0
Diaphorobacter	0	0	0	0	0	0	0	0	0	0	0	0	0	0	0	0	0	0	0	0	0	0	0	0	0	0	0	0	0	0	0	0	0	0	0	0	0	0	0	0	0	0	0	0	0	0	0	0	0	0	0	0	0	0	0	0	0	0	0	0	0	0	0	0	0	0	0	0	0	0	0	0	0	0	0	0	0	0	0	0	0	0	0	0	0	0	0	0	0	0	0	0	0	0	0	0	0	0	0	0	0	0	0	0	0	0	0	2092	0	0	0	0	0
Extensimonas	0	0	0	0	0	0	0	0	0	0	0	0	0	0	0	0	0	289	0	0	0	0	0	0	0	0	0	0	0	0	0	0	0	0	0	0	0	0	0	0	0	0	0	0	0	0	0	0	0	0	0	0	0	0	0	0	0	0	0	0	0	0	0	0	0	0	0	0	0	0	0	0	0	0	0	0	0	0	0	0	0	0	0	0	0	0	0	0	0	0	0	0	0	0	0	0	0	0	0	0	0	0	0	0	0	0	0	0	0	0	0	0	0
Melaminivora	0	0	0	0	0	0	0	0	0	0	0	0	0	0	0	0	0	0	0	0	0	0	0	0	0	0	0	0	0	0	0	0	0	0	0	0	0	0	0	0	0	0	0	0	0	0	0	0	0	0	0	0	0	0	0	0	0	0	0	0	0	0	0	0	0	0	0	0	0	0	0	0	0	0	0	0	0	0	0	0	0	0	0	8101	0	0	0	0	0	0	0	0	0	0	0	0	0	0	0	0	0	0	0	0	0	0	0	0	0	0	0	0	0
Ottowia	174144	341407	0	0	0	15092	2763	32455	492	711	0	58463	2775	0	0	16148	811	143983	106073	788	4321	3134	0	6297	1181	0	0	80654	0	0	6494	4679	293	4791	0	184070	0	8537	0	61331	2952	31356	0	31348	41076	17234	25191	7052	80329	2178	59297	261699	47444	0	68993	290	714	0	156256	0	0	4897	0	36975	2254	0	0	56481	0	9668	0	0	0	1578	13876	95467	0	0	0	98276	418	0	0	9501746	4318396	8432143	1284603	1978685	0	618071	661715	29627	1648484	0	14613	20565	25924	0	0	0	0	0	311133	37765	6534	0	0	0	0	104396	0	108066	0
Polaromonas	0	0	0	0	0	0	0	0	0	0	0	0	0	0	0	0	0	0	0	0	0	0	0	0	0	0	0	0	0	0	0	0	0	0	0	0	0	0	0	0	0	0	0	0	0	0	0	0	0	0	0	0	0	0	0	0	0	0	0	0	0	0	0	0	0	0	0	0	0	0	0	0	0	0	0	0	0	0	0	0	0	0	0	0	0	0	0	0	0	0	5126	0	0	0	0	0	0	0	0	0	0	0	0	0	0	0	0	0	0	0	0	0	0
Simplicispira	0	0	0	0	0	0	0	0	0	0	0	0	0	0	0	0	0	0	0	0	0	0	0	0	0	0	0	0	0	0	0	0	0	0	0	0	0	0	0	0	0	0	0	0	0	0	0	0	0	0	0	0	0	0	0	0	0	0	0	0	0	0	0	0	0	0	0	0	0	0	0	0	0	0	0	0	0	0	0	0	0	0	0	0	0	0	0	0	0	0	5917	0	0	0	0	0	0	0	0	0	0	0	0	0	0	0	0	0	0	0	0	0	0
Conchiformibius	1066	1591	0	0	0	0	0	564	0	0	0	0	0	0	0	0	0	0	0	0	0	0	0	0	0	0	0	0	0	0	0	0	0	0	0	0	0	0	0	0	0	0	0	0	0	0	0	0	0	0	0	0	0	0	657	0	0	0	0	0	0	0	0	0	0	0	0	0	0	0	0	0	0	0	0	583	0	0	0	0	0	0	0	0	0	0	0	0	0	0	0	0	0	0	0	2668	2922	0	0	0	0	0	0	0	0	0	0	0	0	0	0	0	0
Eikenella	29858	52642	3040	839	0	13311	23970	20744	5636	6466	0	73683	4695	9301	5538	35182	2432	11364	31880	4612	1339	5750	2627	2405	3864	0	0	8123	512	1180	14774	9570	3794	8908	21424	74084	727	4532	1079	29822	7279	6797	1926	7468	6732	2425	1946	1687	10247	6116	23499	30380	12719	1572	10132	1507	9265	803	32107	10884	1311	41285	801	53811	8149	1762	3670	17737	1552	6191	2468	3708	8077	10402	22016	47371	1195	989	298	20166	3664	2336	0	2379685	2107288	710598	423513	1098391	586503	890676	299851	77660	133452	46745	33706	65308	39556	228384	194259	50366	15382	42651	314924	47106	55297	59404	134334	3660	82098	231952	114221	105237	29600
Kingella	10710	17004	1220	882	0	15775	4969	19042	11085	9731	9632	22554	5477	16784	12146	8104	15918	1572	20065	4273	5889	17290	8417	6157	22494	5014	0	6951	2634	1394	30256	3699	463	7382	756	1606	477	2671	1282	2938	0	2721	7511	25797	700	320	3214	2798	733	4320	11281	1067	4481	494	6252	0	5307	531	18215	45686	16932	15621	0	15426	521	462	6607	5248	7518	1653	0	2725	15787	17289	3058	14352	7347	6177	3686	7032	6264	2821	10252	97359	563349	31731	35903	526288	231333	830435	73268	19610	71088	218890	133240	53365	314844	264325	518746	22645	15344	279575	682677	83392	265607	180676	430016	197624	92893	702421	258532	58526	70517
Morococcus	4444	5594	950	252	0	6197	10322	3251	1904	1288	0	22512	9353	857	2552	1417	6518	1015	4934	904	1366	2950	0	704	1291	0	0	743	0	0	4461	2275	0	3914	497	5073	313	984	0	2732	306	1092	0	1660	560	0	5535	0	168	418	9688	1181	1809	0	8439	0	3868	425	6251	12686	827	53843	0	5943	0	0	1220	4051	0	3643	267	1439	2236	1269	23637	1373	0	0	0	1737	1106	0	0	357827	441925	44476	44737	59514	19922	267739	14042	6846	0	8634	0	3121	35795	24277	19257	0	1018	154978	0	9112	0	9981	0	12053	7686	6034	85239	7139	59374
Neisseria	178697	234372	133399	9924	300	199672	334060	164632	127579	57910	4679	472414	239274	30579	129258	154582	142854	164895	85887	23136	75860	82810	17855	33069	53859	19105	0	85313	8254	2884	176760	61821	11005	39351	50928	74308	2811	30070	1970	116652	16148	48844	3745	67360	21423	11974	181090	23704	5508	29355	160850	150095	90210	8085	326573	6767	232872	13151	416054	283281	16700	373450	3903	236293	5020	700	25424	245753	1591	70009	9286	50107	119303	104488	494834	68178	8387	7261	4196	90702	50508	7521	1475	10276123	10789439	1758701	1817799	1932494	3326303	7606594	914729	392467	71452	275765	85988	347342	1564687	3406268	1482355	10551	125655	4003522	544697	847329	248233	847909	822686	302204	477068	1034186	3955943	1746771	2319427
Candidatus Dactylopiibacterium	0	0	0	0	0	0	0	0	0	0	0	0	0	0	0	0	0	0	0	0	0	0	0	0	0	0	0	0	0	0	0	0	0	0	0	0	0	0	0	0	0	0	0	0	0	0	0	0	0	0	0	0	0	0	0	0	0	0	0	0	0	0	0	0	0	0	0	0	0	0	0	0	0	0	0	0	0	0	0	366	0	0	0	26399	11596	0	0	0	0	0	0	0	0	0	0	0	0	0	0	0	0	0	0	0	0	0	0	0	0	0	0	0	0
Propionivibrio	395	423	0	0	0	0	0	0	0	0	0	0	0	0	0	0	0	0	323	0	0	0	0	0	0	0	0	336	0	0	0	0	0	0	0	405	0	0	0	371	262	0	0	0	319	0	1115	0	237	0	0	0	160	0	0	0	0	0	0	0	0	0	0	0	0	0	0	0	0	191	0	0	0	540	0	871	0	0	0	0	0	0	0	0	0	0	0	0	0	0	0	0	0	0	0	0	0	0	0	0	0	0	0	0	0	0	0	0	0	0	0	0	0
Thauera	0	0	0	0	0	0	0	352	0	0	0	0	0	0	0	0	0	0	0	0	0	0	0	0	0	0	0	0	0	0	0	0	0	0	0	0	0	0	0	0	0	0	0	0	0	0	0	0	0	0	0	0	220	0	0	0	0	0	0	0	0	0	0	0	0	0	0	0	0	0	0	0	0	0	0	0	0	0	0	0	0	0	0	11127	0	0	0	0	0	0	0	0	0	0	0	0	0	0	0	0	0	0	0	0	0	0	0	0	0	0	0	0	0
Desulfobulbus	17007	27135	479	9570	0	384	0	1029	0	0	0	0	0	634	0	416	0	4400	2684	697	5860	0	0	430	394	0	0	2580	0	0	0	3283	1113	1709	772	6292	0	2375	388	0	10953	2933	0	2945	4091	25767	6453	8577	18264	0	4638	794	616	0	5341	0	1135	0	1677	0	0	419	0	4761	16051	0	0	2310	0	3602	16095	0	0	4104	0	0	0	0	0	2878	0	491	0	0	0	153043	716177	110128	0	13999	505688	427927	5337545	0	0	0	0	0	0	8674	0	0	0	0	0	0	0	0	0	0	0	0	0
Desulfomicrobium	0	0	0	907	699	0	0	783	0	0	0	0	0	0	0	0	0	0	0	0	0	0	0	0	0	0	0	0	0	0	1071	0	0	0	15326	0	0	2249	0	0	0	9637	0	0	0	0	0	0	0	0	0	0	2894	0	1148	0	0	0	0	0	0	777	0	3614	631	0	562	5985	0	4079	10788	0	0	450	587	0	0	0	0	0	0	0	0	0	0	0	0	110992	0	0	150378	3356455	16472	0	0	0	0	0	0	0	0	0	0	0	0	0	0	0	0	0	0	0	0
Bilophila	0	0	0	0	0	0	0	0	0	0	0	0	0	0	0	0	0	0	0	0	0	0	0	0	0	0	0	0	0	2373	0	0	0	0	0	0	0	0	0	0	0	0	0	0	0	0	0	0	0	0	0	0	0	0	0	0	0	0	0	0	0	0	0	0	0	0	0	0	0	0	0	0	0	0	0	0	0	0	0	0	0	0	0	0	0	0	0	0	0	0	0	4615	0	0	0	0	0	0	0	0	0	0	0	0	0	0	0	0	0	0	0	0	0
Desulfovibrio	0	0	0	505	0	0	0	0	0	0	0	0	0	0	0	0	0	1149	964	0	0	0	529	0	0	0	0	0	0	0	0	0	0	0	3226	0	0	0	0	0	2010	0	0	0	0	0	508	0	0	0	0	0	0	0	0	0	0	0	0	0	0	0	0	633	0	0	0	0	0	0	0	0	0	0	0	0	0	0	0	0	0	0	0	0	0	0	14136	0	0	0	96664	98238	96704	0	0	0	0	0	0	0	0	0	0	0	0	0	0	0	0	0	0	0	0
Geobacter	0	0	0	0	0	0	0	0	0	0	0	0	0	0	0	0	0	0	0	0	0	0	0	0	0	0	0	0	0	0	0	0	0	0	0	0	0	0	0	0	0	0	0	0	0	0	0	0	0	0	0	0	0	0	0	0	0	0	0	0	0	0	0	0	0	0	0	0	0	0	0	0	0	0	0	0	0	0	0	0	0	0	0	0	0	0	0	0	0	0	0	0	6205	0	0	0	0	0	0	0	0	0	0	0	0	0	0	0	0	0	0	0	0
Corallococcus	0	0	0	0	268	229	0	0	0	0	0	0	0	0	0	0	0	0	0	0	0	0	0	0	0	0	0	0	0	0	0	0	0	0	0	0	0	0	0	0	0	0	0	0	0	0	0	0	352	0	0	0	351	0	310	0	0	0	0	0	0	0	0	0	0	0	0	0	0	290	0	0	0	0	0	0	0	0	0	0	0	0	0	0	0	0	0	0	0	0	0	0	0	0	0	0	0	0	0	0	0	0	0	0	0	0	0	0	0	0	0	0	0
Campylobacter	28941	50121	27988	11178	584	14105	7180	5668	27926	23970	11661	17653	19499	67439	17522	16731	9642	74771	25745	51950	43522	45462	16657	13867	45649	8472	6548	24547	31456	36218	43703	32125	35270	40930	53993	45125	37409	28527	26430	28855	78346	40305	15148	11392	43822	28895	30573	31140	19098	25449	18017	60371	25412	54127	14495	79547	957	31628	31787	13005	33137	37487	30026	46329	39284	38593	19896	17641	9235	12665	37131	47367	25129	82195	20330	15456	85997	76555	17641	7359	28034	17116	17150	167334	198697	997881	480499	282491	619581	479793	449261	232985	672479	531364	80414	174707	28221	461058	103524	260267	72860	36585	172263	425876	163277	281197	499328	123821	258964	963860	86921	243818	35944
Cardiobacterium	26622	48870	8311	387	0	67682	34370	93250	40262	57391	0	11415	17838	11001	15622	56392	11457	2437	54130	4791	11868	24114	11571	6851	34097	2483	0	61285	4632	0	76543	59209	19882	13404	7185	20868	2643	22130	1650	24059	1685	40913	1191	41763	9594	4441	42636	5826	14028	19897	76870	1870	40151	993	19636	1086	9665	17739	10531	42901	3032	23014	912	39250	15652	0	2442	94835	0	16803	832	14124	48718	78019	12474	78876	0	0	3667	136490	32819	15310	0	897712	654928	950667	910179	302113	2303908	395681	603877	26904	396821	110612	57084	427232	146812	374647	708118	86023	28256	60657	543098	82043	1200746	83218	345847	4520	299141	1142569	320608	743576	56662
Methylocaldum	0	0	0	0	0	0	0	0	0	0	0	0	0	0	0	0	0	287	0	0	0	0	0	0	0	0	0	0	0	0	0	0	0	0	0	0	0	0	0	0	0	0	0	0	0	0	0	0	0	0	0	0	0	0	0	0	0	0	0	718	0	0	0	0	0	0	0	0	0	0	0	0	0	0	0	0	0	0	0	0	0	0	0	0	0	0	0	0	0	0	0	0	0	0	0	0	0	0	0	0	0	0	0	0	0	0	0	0	0	0	0	0	0
Solimonas	0	0	0	0	0	0	0	0	0	0	0	0	0	0	0	0	0	0	0	0	0	0	0	0	0	0	0	0	0	0	0	0	0	0	0	0	0	0	0	0	0	0	0	0	0	0	0	0	0	0	0	0	0	0	0	0	0	0	0	0	0	0	0	0	0	0	0	0	0	0	0	0	0	0	0	0	0	0	0	0	0	0	0	0	0	0	0	5308	0	0	0	0	0	0	0	0	0	0	0	0	0	0	0	0	0	0	0	0	0	0	0	0	0
Aggregatibacter	48671	65584	29443	2765	341	32789	38325	26574	18732	49852	0	44516	33872	23529	38268	61983	13028	71035	17259	7028	49377	23865	2327	7313	16935	1870	0	6685	0	2187	44445	35227	19714	5718	32014	30398	8109	14909	5314	394822	67717	31364	3981	9877	14778	1694	96119	793	3040	32176	22133	173656	22328	13206	10018	1142	351976	7469	832	71673	4093	30087	7737	73099	1136	2592	7622	14072	0	37973	68171	26876	81206	29439	40939	5563	677	572	7245	14517	35891	22778	1048	9296144	11209658	379194	171016	83323	65710	40231	1354242	272563	16216	138601	17908	213538	61492	404668	258892	338377	115057	69362	228225	14773	116054	469641	279295	33042	141354	532708	260174	184560	74566
Haemophilus	12850	17646	2966	2453	381	19304	40702	2314	3449	2930	0	22294	18535	5768	12852	3517	77043	2412	2911	3396	5203	9241	856	1725	6347	1522	0	1257	0	797	13258	3508	1374	1634	1094	3377	1990	1155	2168	13354	4203	855	0	923	1291	399	4072	378	134	2790	18086	4378	2060	1766	27730	1051	48612	4571	11079	42492	8692	18350	881	32269	1007	1291	650	8499	0	9058	2039	5924	9488	3962	68101	1560	1114	1028	858	4726	8045	2808	1661	400366	359962	215393	105652	1035734	160025	417631	111999	14874	64333	873902	41184	435239	124562	1366418	6450756	158345	72267	491688	39855	319470	243906	1245908	455941	416850	21495	227902	2992636	362985	2464338
Pasteurella	0	0	0	0	0	0	0	0	0	0	0	0	0	0	0	0	0	0	0	0	0	0	0	0	0	0	0	0	0	0	0	0	0	0	0	0	0	0	0	0	0	362	0	0	0	0	0	0	0	0	0	0	0	0	0	0	0	0	0	0	0	0	0	0	0	0	0	0	0	0	0	0	0	0	0	0	0	0	0	0	0	0	0	0	0	0	0	0	0	0	0	0	0	0	0	0	0	0	0	0	600	0	0	0	0	5384	0	0	0	0	0	0	0
Azotobacter	0	0	0	0	0	0	0	247	0	0	0	0	0	0	0	0	0	0	0	0	0	0	0	0	0	0	0	0	0	0	0	0	0	0	0	0	0	0	0	0	0	0	0	0	0	0	0	0	0	0	0	0	0	0	0	0	0	0	0	0	0	0	0	0	0	0	0	0	0	0	0	0	0	0	0	0	0	0	0	0	0	0	0	0	0	0	0	0	0	0	0	0	0	0	0	0	0	0	0	0	0	0	0	0	0	0	0	0	0	0	0	0	0
Piscirickettsia	0	0	0	390	528	431	0	0	0	0	0	0	0	0	0	0	0	0	0	0	0	0	0	0	0	0	0	0	0	0	0	0	0	0	0	0	0	0	0	0	0	0	0	0	0	0	0	0	498	0	0	0	746	0	390	0	424	0	0	0	0	0	0	0	0	0	0	0	0	337	239	0	0	0	0	0	0	0	0	0	0	0	0	0	0	0	0	0	0	0	0	0	0	0	0	0	0	0	0	0	0	0	0	0	0	0	0	0	0	0	0	0	0
Treponema	32834	41335	40943	44343	1263	11351	481	15482	110525	12388	3869	7342	7206	61075	4969	25757	4125	58347	65922	12079	62553	16767	30046	5518	14641	911	2517	16717	4951	59122	41899	21981	53642	101353	147643	55334	20394	107055	46535	17558	56007	129081	19403	16572	23490	198110	57337	10038	154157	46525	21397	16639	36081	8902	20793	54107	908	16169	4414	10509	44802	72848	21688	84007	24791	33970	8235	47605	0	58689	101530	15561	23349	52509	25121	7765	3166	2833	5716	21428	29803	39471	0	53815	171549	675814	767974	223905	194776	23811	1148895	1442929	1711683	173016	100226	358596	0	48793	3545	521778	389772	0	9034	494422	21109	290592	36767	6224	463654	43769	119794	38275	0
Aminobacterium	0	0	0	0	0	0	0	0	0	0	0	0	0	0	0	0	0	0	0	0	0	0	0	0	0	0	0	0	0	0	0	0	0	0	0	0	0	0	0	0	0	0	0	0	0	0	0	0	0	0	0	0	0	0	0	0	0	0	0	0	0	0	0	0	0	0	0	0	0	0	0	0	0	0	0	0	0	0	0	0	0	0	0	0	0	0	0	0	0	0	0	0	6055	0	0	0	0	0	0	0	0	0	0	0	0	0	0	0	0	0	0	0	0
Aminomonas	0	0	0	0	0	0	0	0	0	0	0	0	0	0	0	0	0	0	0	0	0	0	0	0	0	0	0	0	0	0	0	0	0	0	0	0	0	0	0	0	0	0	0	0	0	0	0	0	137	0	0	0	0	0	0	0	0	0	0	0	0	0	0	0	0	0	0	0	0	0	0	0	0	0	0	0	0	0	0	0	0	0	0	0	0	0	0	0	0	0	7422	8078	18127	0	0	0	0	0	0	0	0	0	0	0	0	0	0	0	0	0	0	0	0
Jonquetella	0	0	0	0	0	0	0	0	0	0	0	0	0	0	0	0	0	0	0	0	0	0	0	0	0	0	0	0	0	0	0	0	0	0	0	0	0	0	0	0	0	0	0	0	0	0	0	0	0	0	0	0	0	0	0	0	0	0	0	0	0	0	0	0	0	0	0	0	0	0	0	0	0	0	0	0	0	0	0	0	0	0	0	0	0	10870	0	0	0	0	0	3875	8857	0	0	0	0	0	0	0	0	0	0	0	0	0	0	0	0	0	0	0	0
Thermanaerovibrio	0	0	0	0	0	0	0	0	0	0	0	0	0	0	0	0	0	0	0	0	0	0	0	0	0	0	0	0	0	0	0	0	0	0	0	0	0	0	0	0	0	0	0	0	0	0	0	0	0	0	0	0	0	0	0	0	0	0	0	0	0	0	0	0	0	0	0	0	0	0	0	0	0	0	0	0	0	0	0	0	0	0	0	0	0	0	0	0	0	0	4373	4452	10441	0	0	0	0	0	0	0	0	0	0	0	0	0	0	0	0	0	0	0	0
Actinobaculum	0	0	2860	0	0	0	44319	6937	55331	0	112464	0	171592	153655	62208	0	4015	28486	557	4192	1123	6194	150772	73989	16149	102110	458	363	68747	697	2878	0	18668	12865	6009	0	42425	8691	35037	0	0	0	68673	1383	3208	0	0	547475	0	10847	0	0	0	12002	0	0	0	40771	0	35357	107374	0	359	0	505	4638	107750	0	1236	0	0	31221	31614	1622	0	309	5350	4587	93208	0	18502	235935	0	0	0	0	0	0	0	0	0	0	9932	360332	312951	107355	10995	2299798	211392	6702	312594	104745	4977982	259996	16489	277884	459011	3163	917375	462656	0	435411	39247
Actinomyces	239432	311393	404179	675058	711770	274148	787484	298447	586655	263742	1044112	144329	621138	598066	773243	233458	462080	161257	323456	585735	386095	578133	476937	286420	629579	739990	583188	401739	871381	560470	358685	498341	464540	370251	287853	337738	475063	299120	613845	328078	627515	199959	660606	513738	514977	511656	220926	687621	127914	496827	252418	159982	170634	515369	490110	510854	285641	1819471	349144	317383	353105	122598	544414	390522	1032100	550090	634015	346746	587491	189433	107193	508995	405334	372441	244613	493677	806377	699573	323207	382227	408581	710383	340892	3047298	312060	6987484	10401297	10969677	2347276	1707550	11454777	12003882	16809636	3645979	1264950	3350279	9404257	2048312	6820449	700907	221383	7341299	19251190	385726	6083124	3538224	5591943	2084738	2046629	4782231	2980696	7192520	2723980
Schaalia	12295	19526	11582	27665	14324	32462	8391	948	5343	1137	6037	108304	22056	3190	1902	9963	2793	2046	9236	7528	3180	6972	4779	2290	4960	2021	0	5299	2024	21450	14228	10722	4374	5900	75392	20011	2787	29286	6705	14658	33749	7061	749	6988	28239	28448	17582	5986	10853	3415	14551	4772	3436	2729	33127	9255	9753	1041	8845	7878	4325	48422	5196	138790	19878	16489	1437	13668	0	16134	99812	7843	1527	3057	55844	5591	16755	14055	1331	2243	4414	6087	2190	246543	685610	108598	320153	2349271	2567887	997455	721420	507963	6353	63153	14578	127554	18526	69240	20574	36828	0	50860	58745	7555	85135	95290	36726	6481	3350	139130	42755	29841	41496
Parascardovia	0	0	0	0	0	0	0	0	0	0	0	0	0	0	0	0	0	0	0	0	0	0	0	0	0	0	0	0	0	0	0	0	0	0	0	0	0	0	0	0	0	0	0	0	0	0	0	0	0	0	0	0	0	0	0	0	0	0	0	0	0	0	0	0	0	0	0	0	1788	0	0	0	0	0	0	0	0	0	0	0	0	0	0	0	0	0	0	0	0	0	0	0	0	0	0	0	0	0	0	0	0	0	0	0	0	0	0	0	0	0	0	0	0
Corynebacterium	20880	34006	603905	78547	194416	479065	427454	264597	299573	526033	706087	15453	769231	612721	1046449	747139	156058	90837	324361	691381	126418	334032	215456	265781	446929	685508	32338	276080	438076	364351	470982	446156	293975	235939	138967	141425	467555	413313	428804	176717	8215	222213	789788	1428142	301679	80490	340185	342450	41091	490654	625007	3184	203706	725756	219557	21671	181781	611059	6508	1117090	271013	76199	768289	25419	290137	229790	1045642	452997	79819	142797	9616	933809	397152	208655	284951	650146	1054592	907626	334798	394178	422352	805301	941088	1625841	18619	652856	7762531	1069516	1752382	274947	613911	4625	794219	2498396	1863337	1214282	2665754	2634193	1610785	930256	140223	3697842	9745504	866236	4335724	3538476	18483490	71152	1265091	6337364	497837	7315107	563285
Mycobacterium	204	301	1955	4089	5165	4208	975	1408	2178	355	558	0	645	1690	631	0	803	394	2007	474	2145	422	944	2167	1044	457	297	451	549	632	1957	530	362	976	883	2470	512	920	613	0	297	2234	1991	2073	773	1384	2131	1012	4893	799	2822	0	7884	1653	4590	0	4976	0	796	965	1079	1925	1170	1405	376	356	1186	2367	0	3706	2418	424	782	1331	2106	2289	332	0	2912	2152	2427	1455	0	0	0	8416	5378	0	0	0	4753	0	0	0	2047	0	0	0	0	2799	2642	0	0	1524	3537	0	0	6568	5392	0	0	0	0
Cellulomonas	196	0	0	607	342	225	0	368	714	1236	7300	1743	570	1686	1664	942	2036	0	0	818	555	1740	408	0	4731	0	0	729	327	0	0	908	0	1634	514	0	1928	496	4630	0	937	293	0	0	589	760	468	1147	0	0	0	330	0	1560	514	526	0	2995	0	0	523	626	0	1940	6561	3626	1268	282	0	0	0	0	0	465	577	0	2189	1950	0	0	0	0	0	0	0	0	0	31370	28349	12124	4931	0	9113	0	0	0	0	2993	0	0	0	2589	0	0	0	0	0	1408	0	0	0	0	0
Kytococcus	307	421	314	1468	1375	291	408	289	880	1096	6540	2258	466	1766	1618	1896	2019	0	305	3368	687	2141	1011	0	4783	327	0	676	402	427	0	1484	307	1619	781	0	1888	607	4933	0	1520	493	478	323	795	1139	265	1309	0	328	322	608	0	1465	672	978	0	1412	0	0	1032	683	300	2493	6476	3635	1007	299	0	0	328	480	0	536	656	0	11252	9790	0	0	0	0	0	0	5950	0	0	29410	42641	30477	0	0	20278	7578	964	3893	0	9914	0	2251	0	11157	0	0	6080	2382	0	7800	3129	10852	0	0	1810
Serinicoccus	0	0	0	0	0	0	0	226	0	0	0	0	0	0	0	0	0	0	0	0	0	0	0	0	0	0	0	0	0	0	0	0	0	0	0	0	0	0	0	0	0	0	0	0	0	0	0	0	0	0	0	0	0	0	0	0	0	0	0	0	0	0	0	0	0	0	0	0	0	0	0	0	0	0	0	0	0	0	0	0	0	0	0	0	0	0	0	0	0	0	0	0	0	0	0	0	0	0	0	0	0	0	0	0	0	0	0	0	0	0	0	0	0
Tetrasphaera	0	0	0	0	0	0	0	0	0	0	0	0	0	0	0	0	0	0	0	0	0	0	0	0	0	0	0	0	0	0	0	0	0	0	0	0	0	0	0	652	389	0	0	0	0	0	0	0	0	0	597	0	188	0	0	0	0	0	0	0	0	0	0	0	0	0	0	0	0	0	0	0	0	0	0	0	0	0	0	0	0	0	0	0	0	0	0	0	0	0	0	0	0	0	0	0	0	0	0	0	0	0	0	0	0	0	0	0	0	0	0	0	0
Leucobacter	0	0	0	0	0	0	0	0	0	0	0	0	0	0	0	0	0	0	0	0	0	0	0	0	0	0	0	0	0	0	0	0	0	0	0	0	0	0	0	0	0	0	0	0	0	0	386	0	0	0	0	0	0	0	0	0	0	0	0	0	0	0	0	0	0	0	0	0	0	0	0	0	0	0	0	0	0	0	0	0	0	0	0	0	0	0	0	0	0	0	0	0	0	0	0	0	0	0	0	0	0	0	0	0	0	0	0	0	0	0	0	0	0
Rothia	105421	132404	25324	1989	49632	37546	19389	19395	45947	10053	149570	425414	76601	54594	76234	14996	94521	0	11599	12353	299	39194	9144	6360	10791	56754	5791	18330	10208	28383	18293	2332	1334	154684	843	5531	38371	3954	11134	2327	659	2581	7572	63015	6953	1493	610	40911	9420	25377	35630	0	11604	7495	136282	1146	159280	6610	218540	19484	4189	14696	21291	15031	21721	16536	65385	61970	80545	8902	328	18580	24006	4793	30663	147617	29595	25458	294	68001	10552	9763	19009	3839445	923160	1332633	1350388	6192454	1827056	885524	387018	31544	204637	388404	296406	3623974	4895810	500270	2201670	75589	22015	2552057	10892288	451715	1039051	1239059	1257228	3263206	409119	886445	457979	1283376	3051811
Xylanimonas	0	0	0	2592	873	370	556	0	0	0	0	4458	633	0	0	1924	0	315	0	923	310	708	415	0	485	0	0	0	0	1471	418	1133	429	562	1282	300	0	0	338	382	2054	423	0	0	797	0	0	472	0	715	335	1211	0	438	1217	1688	310	0	0	0	470	1311	357	4556	699	2146	0	333	0	0	263	652	0	0	1591	0	1262	1093	0	0	324	0	0	9514	21589	0	7672	98179	91503	58990	0	6672	0	2126	0	5002	0	3551	0	0	0	0	0	0	0	0	0	0	0	0	0	0	0
Sanguibacter	0	0	0	4958	1220	273	494	0	398	0	0	2825	0	0	0	1762	0	461	0	1501	488	1025	602	0	631	0	0	0	0	2755	0	1388	655	790	1586	304	0	0	352	0	2745	537	0	0	975	0	0	712	0	1120	377	2484	0	604	553	2951	0	0	0	0	669	679	493	2603	684	3438	0	0	0	0	291	733	0	644	549	0	1828	1623	0	0	409	0	0	0	6114	6085	0	32831	65285	63512	5479	12255	0	0	0	2031	0	0	0	0	0	0	0	0	0	0	0	0	0	0	0	0	0
Friedmanniella	0	0	0	0	0	489	0	428	0	0	0	0	0	0	0	0	0	0	0	0	0	0	0	0	329	0	0	0	0	0	0	0	0	0	0	0	0	0	0	0	0	0	0	0	0	0	0	0	0	0	0	0	0	0	0	0	0	0	0	0	0	0	0	0	0	0	0	0	0	0	0	0	0	0	0	0	0	0	0	0	0	0	0	0	0	0	0	0	0	0	0	0	0	0	0	0	0	0	0	0	0	0	0	0	0	0	0	0	0	0	0	0	0
Micropruina	0	0	0	0	0	375	0	339	0	0	0	0	0	0	0	0	0	0	0	0	0	0	0	0	0	0	0	0	0	0	0	0	0	0	0	0	0	0	0	0	0	0	0	0	0	0	0	0	0	0	0	0	0	0	0	0	0	0	0	0	0	0	0	0	0	0	0	0	0	0	0	0	0	0	0	0	0	0	0	0	0	0	0	0	0	0	0	0	0	0	0	0	0	0	0	0	0	0	0	0	0	0	0	0	0	0	0	0	0	0	0	0	0
Propionicicella	0	0	0	0	0	240	0	223	0	0	0	0	0	0	0	0	0	0	0	0	0	0	0	0	0	0	0	0	0	0	0	0	0	0	0	0	0	0	0	0	0	0	0	0	0	0	0	0	0	0	0	0	0	0	0	0	0	0	0	0	0	0	0	0	0	0	0	0	0	0	0	0	0	0	0	0	0	0	0	0	0	0	0	0	0	0	0	0	0	0	0	0	0	0	0	0	0	0	0	0	0	0	0	0	0	0	0	0	0	0	0	0	0
Acidipropionibacterium	0	0	0	0	0	447	296	774	0	0	0	0	0	0	0	0	0	0	370	0	0	0	0	438	0	0	0	0	0	0	0	0	0	0	0	0	0	0	0	0	0	0	0	0	0	0	268	0	0	0	0	0	0	0	0	0	0	0	355	0	0	0	0	0	0	0	0	0	0	0	0	0	0	0	0	360	0	0	460	351	0	0	0	0	0	0	0	0	0	0	0	0	0	0	0	0	0	0	0	0	0	0	0	0	2491	0	0	0	0	0	0	0	0
Auraticoccus	0	0	0	0	0	401	0	332	0	0	0	0	0	0	0	0	0	0	0	0	0	0	0	0	0	0	0	0	0	0	0	0	0	0	0	0	0	0	0	0	0	0	0	0	0	0	0	0	0	0	0	0	0	0	0	0	0	0	0	0	0	0	0	0	0	0	0	0	0	0	0	0	0	0	0	0	0	0	0	0	0	0	0	0	0	0	0	0	0	0	0	0	0	0	0	0	0	0	0	0	0	0	0	0	0	0	0	0	0	0	0	0	0
Granulicoccus	0	0	0	0	0	226	0	272	0	0	0	0	0	0	0	0	0	0	0	0	0	0	0	0	0	0	0	0	0	0	0	0	0	0	0	0	0	0	0	0	0	0	0	0	0	0	0	0	0	0	0	0	0	0	0	0	0	0	0	0	0	0	0	0	0	0	0	0	0	0	0	0	0	0	0	0	0	0	0	0	0	0	0	0	0	0	0	0	0	0	0	0	0	0	0	0	0	0	0	0	0	0	0	0	0	0	0	0	0	0	0	0	0
Microlunatus	0	0	0	0	0	368	279	298	0	0	0	0	0	0	0	0	0	0	463	0	0	0	0	0	0	0	0	274	0	0	0	337	0	0	0	571	0	0	0	0	0	0	0	0	230	0	427	0	0	0	0	0	0	0	0	0	0	0	0	0	0	0	0	0	0	0	0	0	0	0	0	0	0	0	0	0	0	0	0	393	0	0	0	0	0	0	0	0	0	0	0	0	0	0	0	0	0	0	0	0	0	0	0	0	0	0	0	0	0	0	0	0	0
Propionibacterium	817	1126	325	16085	230	1392	60210	2428	2034	69407	586397	3176	1117	1194	0	19160	0	444	3207	348	55050	22160	34183	286746	3537	375136	989340	2164	3378	0	2554	3928	4925	3136	1763	3390	479	639	0	3223	7530	3211	105550	45716	3700	8649	2809	22643	393	304	11105	443	1431	430	897	4022	864	498	2213	93662	241387	1295	0	28143	500452	23217	328338	3917	1930053	606	604	12588	1012	2470	942	2441	9899	8758	350968	3775	1276	8808	2362050	0	0	21866	19122	15562	26756	44535	27486	12179	12635	0	0	3436	0	4660	4403	0	2165	0	6530	0	4932	6933	0	0	0	5414	3870	0	0
Pseudopropionibacterium	103597	142166	26410	85856	17810	155191	282125	343916	455400	154836	108123	11283	328131	88145	101429	204538	38645	63989	503181	52787	34380	63127	84504	393004	41493	79290	809	343626	86679	13240	268023	241515	77871	54532	3940	695657	21748	73616	27747	414533	283084	188555	27310	273640	393849	153112	385573	227533	164809	58920	396125	114688	191127	55400	214430	54052	260388	43164	216041	204017	18543	197002	14290	243192	321352	21083	77265	259179	4185	80130	12712	101546	204697	290980	119547	291132	3789	3284	464528	803878	165303	273958	597	256554	11545	2656651	3873501	3390330	540377	339388	1886309	351317	1414929	165154	79314	669889	111860	1042169	1845400	11507	116396	94944	824380	70895	555094	329527	275536	0	176789	422931	376358	330189	32089
Tessaracoccus	807	1181	0	0	141	735	600	6071	1809	443	0	0	2935	0	0	0	0	0	918	0	0	0	0	1606	451	323	0	474	548	0	815	791	0	0	0	2269	0	0	0	943	668	335	0	752	1275	0	1181	341	328	0	853	0	1249	0	657	0	558	0	510	686	0	718	0	910	357	0	0	622	0	325	0	0	635	989	0	1499	0	0	1168	2231	666	495	0	0	0	14430	0	0	0	0	0	0	0	0	0	0	3208	3395	3048	0	665	0	0	0	20533	0	0	0	0	8205	12566	0	0
Atopobium	1846	3528	0	1285	0	329	0	0	4881	281	1212	2330	0	2339	0	0	0	2332	0	1787	3106	1586	4372	818	3183	0	2009	0	357	2171	0	8079	399	3904	2752	0	1986	713	1872	0	6372	0	945	386	1362	1263	0	4343	0	1324	8834	391	0	1237	0	2600	0	0	0	0	1136	1021	7809	0	988	3703	1525	371	0	1125	210	511	1421	458	0	0	0	0	1213	0	661	0	0	0	0	0	13210	0	0	16369	78402	33915	0	0	5857	0	0	0	0	9157	7266	0	0	1500	6875	2878	0	61453	2738	67254	4632	0	0
Olsenella	62856	98584	47033	314517	233	7019	0	1011	46132	1493	11702	687	4499	61268	8320	527	527	45861	4130	13991	9902	22291	56860	11768	35941	5216	134368	10514	142261	133750	4958	24179	86669	40529	99890	1954	22831	12853	77137	435	80269	14258	166645	13003	17993	168991	358	121573	12011	30726	5615	22323	3181	20144	7201	113131	0	5231	1038	671	77330	980	145208	8955	137961	72018	34418	7993	7142	3366	18413	22599	4818	109043	2392	0	32980	27994	15860	0	21468	25798	0	0	0	240061	1410626	504004	143378	226602	2600198	3391053	2883107	17392	5786	0	0	0	0	45525	68301	0	10345	26718	0	51345	8776	50835	80502	0	8970	37346	0
Collinsella	0	0	0	693	0	0	0	0	0	0	0	0	0	0	0	0	0	0	0	0	0	0	0	0	0	0	299	0	0	437	0	0	261	0	289	0	0	0	0	0	448	0	385	0	0	493	0	366	0	0	0	0	0	0	0	333	0	0	0	0	0	0	312	0	427	0	0	0	0	0	0	0	0	0	0	0	0	0	0	0	0	0	0	0	0	0	0	0	0	0	5124	5846	10487	0	0	0	0	0	0	0	0	0	0	0	0	0	0	0	0	0	0	0	0
Arabia	0	0	0	0	0	0	0	0	0	0	0	0	0	0	0	0	0	0	0	0	0	0	0	0	0	0	0	0	0	0	0	0	0	0	0	0	0	0	0	0	415	0	0	0	0	251	0	0	0	0	0	0	0	0	0	0	0	0	0	0	0	0	0	0	0	0	0	0	0	0	0	0	0	0	0	0	0	0	0	0	0	0	0	0	0	0	0	0	0	0	0	0	0	0	0	0	0	0	0	0	0	0	0	0	0	0	0	0	0	0	0	0	0
Cryptobacterium	0	0	0	456	0	0	0	0	0	0	0	0	0	0	0	0	0	2562	0	0	0	0	741	0	1961	0	661	0	1984	2659	0	0	1293	0	0	0	0	0	0	0	0	0	1642	343	0	1465	0	7790	0	380	0	635	0	0	0	1062	0	0	0	0	0	0	0	0	0	909	0	0	0	0	0	0	0	0	0	0	0	0	0	0	0	0	0	0	0	0	0	0	0	0	0	0	0	0	0	0	0	0	0	0	0	0	0	0	0	0	0	0	0	0	0	0	0
Denitrobacterium	0	0	0	327	0	0	0	0	0	0	0	0	0	0	0	0	0	0	0	0	0	0	0	0	0	0	0	0	0	0	0	340	0	0	0	0	0	0	0	0	0	0	0	0	0	0	0	0	0	0	0	0	0	0	0	0	0	0	0	0	0	0	0	0	0	0	0	0	0	0	0	0	0	0	0	0	0	0	0	0	0	0	0	0	0	0	0	0	0	0	0	0	0	0	0	0	0	0	0	0	0	0	0	0	0	0	0	0	0	0	0	0	0
Eggerthella	202	327	0	472	0	0	0	0	0	0	0	0	0	0	0	0	0	0	0	0	0	0	0	0	0	0	0	0	0	0	0	0	0	0	267	0	0	0	0	0	999	0	0	0	0	635	0	0	155	0	0	0	0	0	0	0	0	0	0	0	0	0	0	0	0	0	0	0	0	0	0	0	0	0	0	0	0	0	0	0	0	0	0	0	0	0	0	0	0	0	0	0	0	0	0	0	0	0	0	0	0	0	0	0	0	0	0	0	0	0	0	0	0
Gordonibacter	398	557	0	707	0	0	0	0	0	0	0	0	0	0	0	0	0	0	0	0	0	0	0	0	0	0	0	0	0	0	0	358	0	0	461	338	0	0	0	0	1481	260	0	0	316	835	0	0	314	0	0	0	0	0	0	0	0	0	0	0	0	0	0	0	0	0	0	0	0	0	0	0	0	0	0	0	0	0	0	0	0	0	0	0	0	0	0	0	0	0	0	0	6739	0	0	0	0	0	0	0	0	0	0	0	0	0	0	0	0	0	0	0	0
Paraeggerthella	0	0	0	383	0	0	0	0	0	0	0	0	0	0	0	0	0	0	0	0	0	0	0	0	0	0	0	0	0	0	0	0	0	0	0	0	0	0	0	0	337	0	0	0	0	301	0	0	0	0	0	0	0	0	0	0	0	0	0	0	0	0	0	0	0	0	0	0	0	0	0	0	0	0	0	0	0	0	0	0	0	0	0	0	0	0	0	0	0	0	8945	10252	0	0	0	0	0	0	0	0	0	0	0	0	0	0	0	0	0	0	0	0	0
Raoultibacter	0	0	0	0	0	0	0	0	0	0	0	0	0	0	0	0	0	0	0	0	0	0	0	0	0	0	0	0	0	0	0	0	0	0	0	0	0	0	0	0	262	0	0	0	0	0	0	0	0	0	0	0	0	0	0	0	0	0	0	0	0	0	0	0	0	0	0	0	0	0	0	0	0	0	0	0	0	0	0	0	0	0	0	0	0	0	0	0	0	0	0	0	0	0	0	0	0	0	0	0	0	0	0	0	0	0	0	0	0	0	0	0	0
Slackia	347	525	289	1667	0	0	0	0	1834	0	0	0	0	499	0	0	0	421	0	0	702	0	964	0	590	0	470	0	303	1137	0	409	368	2168	1534	335	0	0	336	0	3379	637	535	0	769	1350	0	1917	254	291	1634	464	0	0	0	677	0	0	0	0	547	0	1676	851	1672	689	358	1412	0	0	1089	0	0	885	0	0	0	0	0	0	823	0	0	0	0	77403	23213	6626	0	7733	39763	47666	205399	0	0	0	0	0	0	2283	0	0	0	0	0	0	0	0	0	3179	0	0	0
Cuspidothrix	0	0	0	0	0	0	0	0	0	0	0	0	0	0	0	0	693	0	0	0	324	0	0	0	0	0	0	0	0	0	0	0	0	0	0	0	0	0	0	0	0	0	0	0	0	0	0	0	0	0	0	0	0	0	0	0	0	0	0	0	0	0	0	0	0	0	0	0	0	0	0	0	0	0	0	0	0	0	0	0	0	0	0	0	0	0	0	0	0	0	0	0	0	0	0	0	0	0	0	0	0	0	0	0	0	0	0	0	0	0	0	0	0
Gemella	1061	1604	6943	1885	633	3974	12675	1487	2566	4933	0	13808	0	2501	3114	17769	4128	6009	2597	1571	6214	4906	736	840	1000	0	0	1388	673	3519	12060	9936	5029	6732	5127	2734	1103	2339	581	17168	16898	6185	525	4078	2985	1376	2986	930	637	6119	10400	31395	1826	1717	896	3490	317	0	3536	9010	2552	20468	858	36460	5328	3320	2225	2245	0	9403	10287	6026	10661	3787	6372	329	607	544	956	1696	5991	1615	0	0	56509	205839	18591	125800	469798	117135	46706	18464	20637	34373	5895	12194	3035	233629	34883	53776	6556	42789	7839	12009	7943	84365	53644	4119	23986	37259	109360	3399	133548
Abiotrophia	6389	9405	1470	3171	2403	14091	39184	8415	1212	3887	448	121360	57326	3224	8470	4337	50590	2618	13470	2615	7728	3747	453	6506	7255	1196	0	3461	0	0	22800	47747	4601	1781	445	20102	377	1548	400	98465	5521	4799	0	9898	6870	3901	33650	0	404	0	59594	1755	1677	0	13790	445	40632	1802	29368	32686	3609	123221	0	156506	5802	565	0	17919	0	19759	1638	1074	2493	409	21918	3307	731	650	612	5515	2348	1588	0	106246	91511	316927	210837	210280	2384751	1730352	159756	12885	0	285451	0	63527	20319	106991	58804	5650	1462	47892	0	59749	0	0	6491	0	8186	0	383773	0	201273
Aerococcus	0	0	0	0	166	252	0	0	0	0	0	0	0	0	0	0	0	0	0	0	0	0	0	0	0	0	0	0	0	0	0	0	0	0	0	0	0	0	0	0	0	0	0	0	0	0	0	0	194	0	0	0	345	0	0	0	0	0	0	0	0	0	0	0	0	0	0	0	0	0	0	0	0	0	0	0	0	0	0	0	0	0	0	0	0	0	0	0	0	0	0	0	0	0	0	0	0	0	0	0	0	0	0	0	0	0	0	0	0	0	0	0	0
Atopobacter	0	0	0	0	0	0	0	0	0	0	0	0	0	0	0	0	0	0	0	0	0	0	0	0	0	0	0	0	0	0	0	0	0	0	0	0	0	0	0	0	0	0	0	0	0	0	0	0	0	0	0	0	0	0	0	0	0	0	0	0	0	0	0	0	0	0	0	0	0	0	0	0	0	0	0	0	0	0	0	0	0	0	0	0	0	0	0	0	0	0	0	0	0	0	0	0	0	0	0	0	0	0	0	1428	0	0	0	0	0	0	0	0	0
Granulicatella	2656	3458	3666	10342	8583	5401	6209	965	0	2137	1118	18513	3590	2917	3682	3301	13487	2363	1209	878	20746	2906	414	975	5221	1284	0	707	0	1703	2511	4675	1493	2797	250	2057	2894	1546	1346	5356	5501	1726	1216	6004	1236	1300	2292	915	0	1713	5354	11937	1415	2731	13576	293	5151	623	6471	10920	1178	30109	961	46502	2549	1390	2191	5418	0	1063	669	2306	1727	1705	39324	447	2861	2466	531	1244	2679	514	2953	158203	818869	99931	84114	283088	220531	83495	92274	19874	0	42735	28816	2437	18976	85847	23952	38277	6395	41522	57001	21941	25137	37706	142296	4530	4850	15861	123734	0	56880
Weissella	0	0	0	0	0	0	0	0	0	0	0	0	0	0	0	0	0	0	0	0	0	0	0	0	0	0	0	0	0	0	0	0	0	0	0	0	0	0	0	0	0	0	0	0	0	0	0	0	0	0	0	0	0	0	0	0	0	0	0	0	0	0	0	0	0	0	0	0	0	0	0	0	0	0	0	0	0	0	0	0	0	0	0	0	0	0	0	0	0	0	0	0	0	0	0	0	0	0	0	0	0	0	0	0	0	0	0	1155	7079	0	3010	0	0
Streptococcus	95403	131896	116974	245951	116033	62438	113700	41260	77791	130726	210939	520520	167917	112590	149058	92370	460646	342229	69470	90624	288329	98486	77155	131713	150175	219654	91419	77914	48411	78130	105432	109705	70420	193856	106789	96412	80866	145114	79686	195471	265292	109944	100254	137242	79849	59940	108871	143529	9725	94651	299273	240420	46354	141639	284861	47521	177563	32482	171851	254914	123977	362678	76247	407148	53366	102393	111032	204511	573695	166476	361506	100497	84670	47421	303507	44607	167355	146030	141214	48148	76534	41979	386451	11880177	7400069	3188179	3835967	6271144	7004536	4943458	2125325	832047	339271	1501100	544630	1972046	1219033	1499991	1388555	298402	199174	1515240	8020452	665367	1870162	1756038	2809426	1207263	320577	545807	3826048	620583	3226797
Clostridium	356	497	595	283	0	0	0	0	3013	274	551	0	0	673	1210	0	568	1069	0	1671	1206	2084	1069	344	2342	796	0	425	1446	974	312	876	759	634	893	390	1184	682	2110	0	1315	912	1069	0	550	843	481	338	369	703	0	1434	276	862	0	1312	0	0	0	0	1915	388	610	545	661	2246	519	318	0	369	993	2867	846	1802	0	0	0	0	414	0	800	0	0	0	0	0	6242	0	0	0	11801	13417	17246	0	0	0	0	0	0	976	0	0	0	0	0	0	0	0	0	0	0	0	0
Mogibacterium	1074	1531	374	1503	0	0	0	0	8839	498	831	539	0	3013	0	0	0	2124	437	2776	6713	1888	2200	1500	5889	0	679	0	0	2011	0	908	398	7115	5336	1320	2808	5261	2951	0	5441	570	1353	977	2451	1652	910	7803	196	3241	944	0	278	1059	322	0	0	0	0	442	2436	1687	2582	774	1467	2472	869	382	0	505	1008	1001	5641	788	0	0	0	0	2050	0	1611	1016	0	0	0	12518	23383	0	0	4036	35072	42182	71261	0	0	0	0	0	0	14174	7924	0	0	1099	0	5724	0	4832	0	5149	5772	0	0
Eubacterium	6468	12036	350	1278	0	1158	775	1993	933	3940	0	9510	0	1889	0	14669	1509	12843	3939	568	4641	1456	487	503	1191	0	0	5648	495	504	1329	7479	2307	2379	590	17179	324	3724	510	4953	11795	8228	0	4779	6386	2984	6060	2966	1981	873	2333	13438	2102	502	2123	3227	1006	0	3250	2828	552	13650	358	8914	3618	811	0	2414	0	2481	1362	1012	1161	14543	1954	1100	0	0	0	1803	609	607	0	30458	93548	173520	59654	45307	29526	40060	93361	23219	26670	37427	11187	35756	0	35266	24227	13639	16808	5393	0	8093	23048	5728	17927	1550	78052	27971	5426	4136	3887
Pseudoramibacter	1265	1674	289	3187	0	0	0	0	0	0	0	0	0	0	0	0	0	0	0	1065	0	0	0	0	0	0	0	0	0	0	0	924	0	0	1802	0	0	0	0	0	1048	0	516	0	1208	0	0	2001	536	0	0	0	0	0	0	0	0	0	2485	0	0	0	0	0	11957	0	0	0	0	0	0	0	0	1475	0	0	0	0	0	0	0	0	0	0	0	0	42166	14860	26555	7347	113991	1116027	400765	0	0	0	0	0	0	5729	0	0	0	0	0	0	0	0	0	0	0	0	0
Butyrivibrio	0	0	0	0	0	0	0	0	0	0	0	0	0	0	0	0	0	0	0	0	0	0	0	0	0	0	0	0	0	0	0	0	0	0	245	0	0	0	0	0	325	289	0	0	0	446	0	0	0	0	0	287	0	0	0	0	0	0	0	0	0	0	0	0	0	440	0	0	0	0	240	0	0	0	0	0	0	0	0	0	0	0	0	0	0	0	0	0	0	0	0	0	0	0	0	0	0	0	0	0	0	0	0	0	0	0	0	0	0	0	0	0	0
Catonella	2129	2847	1284	2101	0	761	0	480	6578	936	0	1554	1616	0	0	3340	451	10003	2064	1516	15623	3318	900	0	1949	0	0	2438	0	4865	3523	3830	7099	9736	10866	3521	583	11350	1419	3437	8358	5258	0	1258	2316	7697	1450	1324	1665	2363	1642	4480	2311	1154	1901	4170	0	0	0	731	2020	6088	1221	7816	3016	3614	439	2852	0	4133	6964	897	1975	6083	1750	339	0	0	0	1269	1328	722	0	11670	9186	221456	47926	13473	16103	11949	33439	19759	87059	30588	9398	26046	0	11282	9764	17007	4264	0	0	28036	0	19087	20610	5672	42005	10966	15971	7782	0
Coprococcus	0	0	0	0	0	0	0	0	647	0	0	0	0	0	0	0	0	0	0	446	0	578	316	0	333	0	0	0	611	0	0	0	0	0	0	0	283	0	336	0	0	0	0	0	0	0	0	0	0	0	0	0	0	423	0	0	0	0	0	0	498	0	0	0	0	876	0	0	0	0	0	577	0	518	0	0	0	0	0	0	0	0	0	0	0	0	0	0	0	0	0	0	0	0	0	0	0	0	0	0	0	0	0	0	0	0	0	0	0	0	0	0	0
Dorea	0	0	0	0	0	0	0	0	0	0	0	0	0	0	0	0	0	0	0	0	0	0	270	0	422	491	0	0	420	0	0	0	0	0	0	0	0	0	0	0	375	0	0	0	0	0	0	0	0	0	0	0	0	0	0	0	0	0	0	0	0	0	0	0	0	0	0	0	0	0	0	0	0	0	0	0	0	0	0	0	0	0	0	0	0	0	0	0	0	0	0	0	0	0	0	0	0	0	0	0	0	0	0	0	0	0	0	0	0	0	0	0	0
Johnsonella	3084	4918	1610	2161	0	1366	1679	1947	5293	10783	0	1138	734	9845	1142	2652	1417	6806	841	1347	2021	3275	1180	463	1173	332	0	2295	1009	1823	1945	8451	9446	3767	1556	6348	1331	2083	1399	1309	12767	8941	542	5165	13520	16769	1114	5004	2947	3014	1782	6679	2376	1430	644	16422	2322	470	7690	810	1484	1054	786	11085	27170	2248	695	1906	0	1513	2797	2300	1683	27074	1668	7120	331	290	419	3006	1638	7936	0	0	0	101206	18612	20859	9121	0	36612	13435	100469	7674	0	21980	0	3104	0	1541	18716	0	0	2772	0	0	0	0	61209	0	0	0	0
Lachnoanaerobaculum	902	1479	31473	887	0	2709	916	1463	33302	12152	23964	3135	32029	38122	51149	8493	16900	15691	1503	35671	24428	41843	22447	14788	33687	8236	3664	3094	32634	40836	7880	7915	21671	16499	10478	3216	74286	8488	28683	2724	14936	7749	23036	6262	8968	5456	7010	9763	938	32334	2997	14223	2721	63482	838	20146	0	13489	414	15102	30269	4869	22712	4284	2883	85752	39590	2187	5423	3304	11863	62893	21348	26770	2895	1916	31036	27997	20568	939	32591	15004	9235	10470	6063	10117	13706	8636	20085	8056	22112	11759	13048	73944	34581	9612	0	48154	0	61933	4921	0	33933	22516	21688	104809	5995	0	32480	79288	59690	3604	4678
Lachnoclostridium	0	0	0	0	0	0	0	0	715	0	0	0	0	0	0	0	0	0	0	378	0	303	0	587	522	0	0	0	1106	0	0	0	0	0	406	0	0	0	421	0	0	0	0	0	0	0	0	0	0	0	0	393	0	0	0	0	0	0	0	0	461	0	0	0	0	518	0	0	0	0	0	0	0	0	0	0	0	0	698	0	0	0	0	0	0	0	0	0	0	0	0	0	0	0	0	0	0	0	0	0	0	0	0	0	0	0	0	0	0	0	0	0	0
Oribacterium	391	604	711	1333	0	272	0	619	11219	737	4677	1288	7194	16650	1730	836	848	1129	0	9909	1530	5706	5816	8971	4250	2025	3760	278	5882	6110	0	704	1024	1441	1248	0	11891	969	7114	0	1118	686	6364	323	1346	900	0	4929	345	546	0	575	206	32051	0	6925	400	53275	415	1916	18693	0	12015	741	65033	43603	6055	0	0	395	1252	5918	1956	1766	0	33268	49485	43626	11685	0	4316	18999	0	0	0	7090	14445	35487	0	10354	192988	15502	21609	3185	10245	0	0	8518	0	14911	29669	0	0	10755	16779	11880	6268	12675	2333	23997	9405	0	0
Shuttleworthia	0	0	0	0	0	0	0	0	0	0	436	0	0	0	0	0	0	335	0	0	1035	0	1018	944	658	0	4382	0	0	0	0	0	0	0	0	0	449	0	0	0	293	0	0	0	0	0	0	0	0	0	0	0	0	0	0	0	0	0	0	0	0	0	426	0	0	0	343	0	0	0	248	0	0	0	0	0	0	0	1324	0	0	0	0	0	0	0	0	0	0	0	5395	0	0	0	0	0	0	0	0	0	1233	0	0	0	0	0	0	0	0	0	0	0	0
Stomatobaculum	0	0	1564	401	0	0	0	0	5518	752	4732	0	792	5549	1289	0	1081	1300	0	7490	6972	9245	8474	3275	25411	1624	5183	0	13097	5213	0	528	368	1472	2466	0	3000	818	3449	0	1868	0	12344	567	2612	250	0	1684	0	719	0	0	0	7657	0	2044	0	1751	0	5643	14803	0	4577	410	518	48021	9414	0	1217	0	1025	1884	2861	1814	0	0	13432	11656	4603	0	767	0	5103	0	0	0	0	0	0	0	0	5560	0	12479	12507	0	0	14626	0	45616	3930	0	0	2612	0	2507	0	0	0	9681	3730	0	0
Filifactor	2747	3554	1481	2770	321	1090	0	750	2603	0	0	0	0	782	0	381	0	0	6924	0	1556	827	0	329	747	0	0	426	0	0	2263	627	431	4774	12294	3287	373	8288	801	0	689	4948	0	682	495	14202	1840	0	9932	2078	1239	427	1764	0	2859	0	0	0	293	606	365	2133	0	3855	661	374	561	5173	0	4698	5904	399	1180	953	1526	813	0	0	328	1025	1891	409	0	0	0	0	38926	12435	0	0	53049	227367	23166	0	0	0	0	0	0	20595	0	0	0	7718	0	3250	0	0	4125	0	0	0	0
Peptoanaerobacter	3858	6788	565	2960	0	1127	410	1202	1800	1617	0	5055	0	766	0	6521	461	4635	3141	622	4822	1220	439	0	452	0	0	2727	0	592	4568	4457	1235	4219	3168	12248	435	5008	796	2031	6931	5493	0	1967	6667	3136	4572	907	2479	992	2614	3758	2229	0	1342	1147	288	0	797	1213	1031	10871	319	15250	3292	544	0	1538	0	3784	5802	1126	927	5677	1496	564	0	0	0	1337	564	575	0	13625	42589	61267	27786	10414	7177	10171	61930	25521	20790	5804	2210	7121	0	7600	18046	17204	3388	0	0	10604	7403	4163	0	0	85659	7312	2337	0	0
Peptostreptococcus	294	377	0	247	0	0	0	0	882	0	0	0	0	0	0	0	0	874	530	0	1130	0	0	0	0	0	0	0	0	316	579	0	0	1368	943	613	0	1402	316	0	653	357	0	0	341	450	0	722	141	387	367	0	190	0	0	0	0	0	0	0	0	718	0	753	356	0	0	0	0	211	746	0	542	0	0	0	0	0	0	0	443	0	0	0	0	0	0	0	0	0	5549	0	0	0	0	0	0	0	0	1031	0	0	0	0	0	0	0	0	0	0	0	0	0
Subdoligranulum	0	0	0	0	0	0	0	0	0	0	0	0	0	0	0	0	0	0	0	0	0	0	0	0	0	0	0	0	0	0	0	0	0	0	256	0	0	0	0	0	0	0	0	0	0	0	0	0	0	0	0	0	0	0	0	0	0	0	0	0	0	0	0	0	0	0	0	0	0	0	272	0	0	0	0	0	0	0	0	0	0	0	0	0	0	0	0	0	0	0	0	0	0	0	0	0	0	0	0	0	0	0	0	0	0	0	0	0	0	0	0	0	0
Eggerthia	894	1163	0	415	0	0	0	0	525	0	0	401	0	0	0	519	0	458	266	0	3463	464	7597	0	3088	0	0	0	0	2562	0	1390	287	482	1090	349	0	6266	333	0	877	926	1026	0	400	1015	676	0	515	358	1544	486	198	0	0	0	0	0	0	0	0	773	2826	418	395	687	0	594	0	731	995	0	0	727	0	0	0	0	0	0	0	0	0	0	0	0	12216	0	0	0	23290	19550	18809	0	0	0	0	0	0	1907	0	0	0	0	0	0	0	0	0	0	0	0	0
Solobacterium	671	901	476	1482	0	0	0	0	2808	525	627	572	1393	369	0	526	346	5159	421	953	9001	2279	2036	1427	4176	0	943	0	642	3343	0	1270	813	4715	1594	901	2804	3613	3301	0	2007	304	1617	811	1522	1331	426	3511	0	3112	813	0	0	1658	0	1674	0	0	0	0	2600	1138	1699	640	393	4200	567	587	0	0	223	785	1300	849	0	0	0	0	1996	0	7985	444	0	0	0	0	0	0	0	8750	5390	0	0	4259	861	0	0	0	0	6781	0	0	0	3072	5005	0	0	1541	3105	38756	3351	0	0
Acidaminococcus	0	0	0	0	0	0	0	0	0	0	0	0	0	0	0	0	0	0	0	0	0	0	0	0	0	0	522	0	0	0	0	0	0	0	0	0	0	0	0	0	0	0	0	0	0	0	0	0	0	0	0	0	0	0	0	0	0	0	0	0	0	0	0	0	0	0	0	0	425	0	0	0	0	0	0	0	0	0	0	0	0	0	0	0	0	0	0	0	0	0	0	0	0	0	0	0	0	0	0	0	0	0	0	0	0	0	0	0	0	0	0	0	0
Centipeda	0	0	6229	326	0	0	0	200	17056	1524	1598	473	13124	4338	2142	536	980	3286	351	2380	10932	3542	3479	508	3361	389	7227	798	7069	26044	604	1065	8354	11446	1170	400	14300	9842	14652	408	8967	860	12694	1005	2984	7141	482	3684	600	18390	640	1924	643	1358	0	14794	0	471	0	0	29125	441	10392	651	719	2047	410	3029	539	182	682	1311	2072	17305	406	0	609	473	703	0	3317	856	0	0	0	9361	14741	0	31040	5476	16103	8183	57744	7042	8482	3721	0	29932	3286	4921	18101	0	0	23818	0	5171	0	0	38021	5756	13061	21225	0
Mitsuokella	0	0	0	0	0	0	0	0	615	0	9687	0	0	638	583	0	0	679	0	0	4164	1529	1237	39641	1205	8949	101711	0	3958	949	0	0	256	748	336	0	2870	690	1933	0	440	0	1165	0	0	396	0	368	0	312	0	0	0	0	0	346	0	0	0	0	16354	0	442	0	0	1618	29846	0	119644	0	269	0	367	0	0	0	0	0	54439	0	0	0	42893	0	0	0	0	0	0	0	0	7737	13821	0	0	0	0	0	0	958	2097	0	0	0	0	0	0	0	0	0	0	0	0
Selenomonas	4997	7504	51117	11950	1955	5128	405	6504	144099	24435	75568	6975	57432	70839	47586	21425	32054	41037	14923	115745	133644	96164	114684	28189	104152	28421	90200	21655	92912	165394	23626	20023	91375	215427	36946	11922	118359	75349	89528	17733	51631	33657	103293	16427	46327	75237	5145	54438	6598	102262	12819	44143	8087	74673	1791	107823	752	111819	1014	11393	115407	13960	103159	22193	42022	117951	47153	16308	69545	4892	21501	79312	50716	110960	9441	10502	120262	104939	38116	3938	42495	21110	9906	28307	29602	394909	449559	181573	524336	170616	354223	183939	860133	296404	154536	228996	2457	239180	43579	117707	101385	40658	139268	247982	29003	318145	94982	131384	152675	823545	41001	165055	5749
Anaeroglobus	294	330	712	16509	0	0	0	0	6457	0	516	0	0	0	0	0	0	1174	0	6272	0	497	24141	948	3998	0	3410	0	976	18564	0	1148	4585	0	9374	0	594	891	905	0	20227	0	2325	328	1941	10302	0	45307	0	2556	0	0	0	1040	0	17632	0	0	0	0	9760	0	9272	2217	9089	22805	0	315	0	0	537	1044	0	1635	0	0	455	431	1344	0	0	0	0	0	0	7538	11738	12848	12716	11121	43487	64540	87592	2991	0	0	0	0	0	11204	39232	0	0	0	8145	0	0	0	0	15631	0	0	0
Dialister	3219	2527	1317	3384	0	450	0	405	6332	352	834	1927	0	3985	1017	0	0	780	5113	914	3983	1175	8381	578	5740	573	2032	1322	638	5271	0	2618	2969	20604	17292	794	3481	23533	3609	0	14265	766	2712	460	2736	3850	988	3973	0	1723	1768	1559	285	1220	401	4448	0	0	0	463	2226	1739	4587	4178	2170	12738	2799	1573	0	998	9901	1995	1618	488	305	0	0	0	757	0	2671	6516	0	0	0	73468	55274	17655	33456	27309	115309	50225	491885	2045	13934	0	0	0	0	34256	63261	0	0	15512	20261	36055	0	17547	21231	139998	22371	0	0
Megasphaera	0	0	0	0	0	0	0	0	0	0	1113	0	0	0	0	0	279	0	0	3653	0	1625	1946	0	2490	0	1870	0	0	0	0	0	0	0	0	0	422	688	383	0	0	0	336	0	0	0	0	0	0	0	0	0	0	0	0	0	0	0	0	0	359	0	3775	0	0	2946	762	0	0	0	0	0	0	0	0	0	449	374	275	0	0	0	0	0	0	0	0	0	0	0	0	4793	0	0	935	0	0	0	0	1644	0	0	0	1724	0	0	0	30777	2369	0	0	0	0
Veillonella	360	504	16812	53527	16906	4435	12545	3772	15075	22974	108172	6241	30537	38543	52847	4625	182344	22347	8380	28732	115713	46856	24336	43546	112321	37016	22245	4644	10003	8106	30744	36428	7050	40286	13296	3626	50339	3742	58163	6925	24227	3770	10149	5670	10313	4034	9014	9305	0	11067	9232	7090	1398	38157	1545	32170	1898	38857	19229	26009	31428	11283	9118	12739	25411	28219	60336	8685	36130	8665	1945	32979	25290	13341	6452	1072	58886	51152	60476	336	40153	13102	68169	0	0	66439	8386	246894	178652	117629	6658	10398	68499	1034731	261763	187404	58924	616083	454411	374812	179958	263681	1095865	637272	996895	394972	737290	1198514	143305	402707	985673	33497	143263
Murdochiella	0	0	0	0	0	0	0	0	0	0	0	0	0	0	0	0	0	0	0	0	0	0	0	0	0	0	0	0	0	0	0	0	0	0	0	0	0	0	0	0	0	0	0	0	0	0	0	0	0	0	0	0	0	0	0	0	0	0	0	0	0	0	0	0	0	0	0	0	0	0	251	0	0	0	0	0	0	0	0	0	0	0	0	0	0	0	0	0	0	0	0	0	0	0	0	0	0	0	0	0	0	0	0	0	0	0	0	0	0	0	0	0	0
Parvimonas	1639	2309	2144	6416	1488	582	0	0	2809	0	0	3370	0	1212	0	1005	600	2847	4407	0	1482	1157	733	315	526	0	0	610	0	865	4068	836	605	9309	7859	2254	0	10105	715	998	3056	1812	0	1651	1978	932	1041	2075	364	0	4890	5968	563	0	2095	368	0	0	4794	0	352	3606	321	3922	3837	655	0	1225	0	4295	5991	1278	3622	590	479	1137	0	0	448	265	4037	1012	0	0	0	42828	22058	10528	0	0	69567	27126	113321	8193	5169	2329	0	0	0	56214	32678	0	0	38253	50431	11721	6170	33242	47049	51869	2708	0	3260
Peptoniphilus	824	1011	0	932	0	0	0	0	0	0	0	0	0	0	0	0	0	521	0	0	454	361	0	0	0	0	0	0	0	0	0	0	0	439	614	386	0	828	0	0	621	572	0	0	386	570	0	0	360	0	772	352	197	0	466	0	0	0	0	0	0	478	0	441	337	360	0	431	0	369	761	0	0	595	0	0	0	0	0	0	0	0	0	0	0	0	0	0	0	0	0	6074	7541	0	0	0	0	0	0	939	0	0	0	0	0	0	0	0	0	0	0	0	0
Tissierella	0	0	0	0	0	0	0	0	0	0	0	0	0	0	0	0	0	0	0	0	0	0	0	0	0	0	0	0	0	0	0	399	0	0	0	0	0	0	0	0	0	409	0	0	0	696	0	0	411	0	0	0	207	0	0	0	0	0	0	0	0	0	0	0	0	0	0	0	0	0	0	0	0	432	278	0	0	0	0	0	0	0	0	0	0	0	0	0	0	0	0	0	0	0	0	0	0	0	0	0	0	0	0	0	0	0	0	0	0	0	0	0	0
Mycoplasma	0	0	0	0	0	0	0	0	0	0	0	0	0	0	0	0	0	0	0	0	0	0	0	0	0	0	0	0	0	0	0	0	0	0	0	0	0	0	0	0	0	0	0	0	0	0	0	0	0	0	0	0	0	0	0	0	0	0	0	0	0	0	0	0	0	0	0	0	0	0	0	0	0	0	0	0	0	0	0	0	0	0	0	0	0	0	0	0	0	0	0	0	0	0	0	2611	0	0	0	2648	591	0	0	0	0	0	0	0	0	0	0	0	0
Candidatus Methanomethylophilus	1538	2104	0	238	0	0	0	0	0	0	0	0	0	0	0	0	0	0	0	0	0	0	0	0	0	0	0	0	0	0	0	0	0	0	539	721	0	0	0	0	597	260	0	0	0	465	0	0	647	0	316	0	0	0	0	0	0	0	0	0	0	0	0	0	948	0	0	0	0	0	897	0	0	0	0	0	0	0	0	0	0	0	0	0	0	0	0	13968	0	0	0	0	0	0	0	0	0	0	0	0	0	0	0	0	0	0	0	0	0	0	0	0	0
Methanobrevibacter	45965	66719	446	18132	0	0	0	330	0	837	0	0	0	0	0	311	0	0	563	793	569	0	1247	0	0	0	0	914	0	0	0	6819	0	0	6946	9827	0	1398	0	0	2811	2507	0	956	2304	0	853	707	0	0	4678	0	452	0	2929	553	0	0	0	0	0	440	421	471	4318	0	0	3939	0	820	2536	0	0	12403	0	0	0	0	0	0	0	0	0	0	0	0	60101	0	0	0	458915	463779	0	0	0	0	0	0	0	0	0	0	0	0	0	0	0	0	0	0	0	0	0
